Date,County,County_Code,Active_Listings,Civilian_Labor_Force,Employment_Count,HPI_AllTransactions,Median_Listing_Price,Permits_Annual,Population_Annual,Poverty_All_Ages,Real_GDP,Unemployed_Persons,Unemployment_Rate
1970-01-31,Anne Arundel,AA,,,,,,,298.042,,,,
1970-02-28,Anne Arundel,AA,,,,,,,298.042,,,,
1970-03-31,Anne Arundel,AA,,,,,,,298.042,,,,
1970-04-30,Anne Arundel,AA,,,,,,,298.042,,,,
1970-05-31,Anne Arundel,AA,,,,,,,298.042,,,,
1970-06-30,Anne Arundel,AA,,,,,,,298.042,,,,
1970-07-31,Anne Arundel,AA,,,,,,,298.042,,,,
1970-08-31,Anne Arundel,AA,,,,,,,298.042,,,,
1970-09-30,Anne Arundel,AA,,,,,,,298.042,,,,
1970-10-31,Anne Arundel,AA,,,,,,,298.042,,,,
1970-11-30,Anne Arundel,AA,,,,,,,298.042,,,,
1970-12-31,Anne Arundel,AA,,,,,,,298.042,,,,
1971-01-31,Anne Arundel,AA,,,,,,,309.0,,,,
1971-02-28,Anne Arundel,AA,,,,,,,309.0,,,,
1971-03-31,Anne Arundel,AA,,,,,,,309.0,,,,
1971-04-30,Anne Arundel,AA,,,,,,,309.0,,,,
1971-05-31,Anne Arundel,AA,,,,,,,309.0,,,,
1971-06-30,Anne Arundel,AA,,,,,,,309.0,,,,
1971-07-31,Anne Arundel,AA,,,,,,,309.0,,,,
1971-08-31,Anne Arundel,AA,,,,,,,309.0,,,,
1971-09-30,Anne Arundel,AA,,,,,,,309.0,,,,
1971-10-31,Anne Arundel,AA,,,,,,,309.0,,,,
1971-11-30,Anne Arundel,AA,,,,,,,309.0,,,,
1971-12-31,Anne Arundel,AA,,,,,,,309.0,,,,
1972-01-31,Anne Arundel,AA,,,,,,,316.6,,,,
1972-02-29,Anne Arundel,AA,,,,,,,316.6,,,,
1972-03-31,Anne Arundel,AA,,,,,,,316.6,,,,
1972-04-30,Anne Arundel,AA,,,,,,,316.6,,,,
1972-05-31,Anne Arundel,AA,,,,,,,316.6,,,,
1972-06-30,Anne Arundel,AA,,,,,,,316.6,,,,
1972-07-31,Anne Arundel,AA,,,,,,,316.6,,,,
1972-08-31,Anne Arundel,AA,,,,,,,316.6,,,,
1972-09-30,Anne Arundel,AA,,,,,,,316.6,,,,
1972-10-31,Anne Arundel,AA,,,,,,,316.6,,,,
1972-11-30,Anne Arundel,AA,,,,,,,316.6,,,,
1972-12-31,Anne Arundel,AA,,,,,,,316.6,,,,
1973-01-31,Anne Arundel,AA,,,,,,,330.6,,,,
1973-02-28,Anne Arundel,AA,,,,,,,330.6,,,,
1973-03-31,Anne Arundel,AA,,,,,,,330.6,,,,
1973-04-30,Anne Arundel,AA,,,,,,,330.6,,,,
1973-05-31,Anne Arundel,AA,,,,,,,330.6,,,,
1973-06-30,Anne Arundel,AA,,,,,,,330.6,,,,
1973-07-31,Anne Arundel,AA,,,,,,,330.6,,,,
1973-08-31,Anne Arundel,AA,,,,,,,330.6,,,,
1973-09-30,Anne Arundel,AA,,,,,,,330.6,,,,
1973-10-31,Anne Arundel,AA,,,,,,,330.6,,,,
1973-11-30,Anne Arundel,AA,,,,,,,330.6,,,,
1973-12-31,Anne Arundel,AA,,,,,,,330.6,,,,
1974-01-31,Anne Arundel,AA,,,,,,,334.8,,,,
1974-02-28,Anne Arundel,AA,,,,,,,334.8,,,,
1974-03-31,Anne Arundel,AA,,,,,,,334.8,,,,
1974-04-30,Anne Arundel,AA,,,,,,,334.8,,,,
1974-05-31,Anne Arundel,AA,,,,,,,334.8,,,,
1974-06-30,Anne Arundel,AA,,,,,,,334.8,,,,
1974-07-31,Anne Arundel,AA,,,,,,,334.8,,,,
1974-08-31,Anne Arundel,AA,,,,,,,334.8,,,,
1974-09-30,Anne Arundel,AA,,,,,,,334.8,,,,
1974-10-31,Anne Arundel,AA,,,,,,,334.8,,,,
1974-11-30,Anne Arundel,AA,,,,,,,334.8,,,,
1974-12-31,Anne Arundel,AA,,,,,,,334.8,,,,
1975-01-31,Anne Arundel,AA,,,,25.49,,,345.6,,,,
1975-02-28,Anne Arundel,AA,,,,25.49,,,345.6,,,,
1975-03-31,Anne Arundel,AA,,,,25.49,,,345.6,,,,
1975-04-30,Anne Arundel,AA,,,,25.49,,,345.6,,,,
1975-05-31,Anne Arundel,AA,,,,25.49,,,345.6,,,,
1975-06-30,Anne Arundel,AA,,,,25.49,,,345.6,,,,
1975-07-31,Anne Arundel,AA,,,,25.49,,,345.6,,,,
1975-08-31,Anne Arundel,AA,,,,25.49,,,345.6,,,,
1975-09-30,Anne Arundel,AA,,,,25.49,,,345.6,,,,
1975-10-31,Anne Arundel,AA,,,,25.49,,,345.6,,,,
1975-11-30,Anne Arundel,AA,,,,25.49,,,345.6,,,,
1975-12-31,Anne Arundel,AA,,,,25.49,,,345.6,,,,
1976-01-31,Anne Arundel,AA,,,,27.08,,,354.0,,,,
1976-02-29,Anne Arundel,AA,,,,27.08,,,354.0,,,,
1976-03-31,Anne Arundel,AA,,,,27.08,,,354.0,,,,
1976-04-30,Anne Arundel,AA,,,,27.08,,,354.0,,,,
1976-05-31,Anne Arundel,AA,,,,27.08,,,354.0,,,,
1976-06-30,Anne Arundel,AA,,,,27.08,,,354.0,,,,
1976-07-31,Anne Arundel,AA,,,,27.08,,,354.0,,,,
1976-08-31,Anne Arundel,AA,,,,27.08,,,354.0,,,,
1976-09-30,Anne Arundel,AA,,,,27.08,,,354.0,,,,
1976-10-31,Anne Arundel,AA,,,,27.08,,,354.0,,,,
1976-11-30,Anne Arundel,AA,,,,27.08,,,354.0,,,,
1976-12-31,Anne Arundel,AA,,,,27.08,,,354.0,,,,
1977-01-31,Anne Arundel,AA,,,,30.36,,,361.1,,,,
1977-02-28,Anne Arundel,AA,,,,30.36,,,361.1,,,,
1977-03-31,Anne Arundel,AA,,,,30.36,,,361.1,,,,
1977-04-30,Anne Arundel,AA,,,,30.36,,,361.1,,,,
1977-05-31,Anne Arundel,AA,,,,30.36,,,361.1,,,,
1977-06-30,Anne Arundel,AA,,,,30.36,,,361.1,,,,
1977-07-31,Anne Arundel,AA,,,,30.36,,,361.1,,,,
1977-08-31,Anne Arundel,AA,,,,30.36,,,361.1,,,,
1977-09-30,Anne Arundel,AA,,,,30.36,,,361.1,,,,
1977-10-31,Anne Arundel,AA,,,,30.36,,,361.1,,,,
1977-11-30,Anne Arundel,AA,,,,30.36,,,361.1,,,,
1977-12-31,Anne Arundel,AA,,,,30.36,,,361.1,,,,
1978-01-31,Anne Arundel,AA,,,,33.94,,,365.6,,,,
1978-02-28,Anne Arundel,AA,,,,33.94,,,365.6,,,,
1978-03-31,Anne Arundel,AA,,,,33.94,,,365.6,,,,
1978-04-30,Anne Arundel,AA,,,,33.94,,,365.6,,,,
1978-05-31,Anne Arundel,AA,,,,33.94,,,365.6,,,,
1978-06-30,Anne Arundel,AA,,,,33.94,,,365.6,,,,
1978-07-31,Anne Arundel,AA,,,,33.94,,,365.6,,,,
1978-08-31,Anne Arundel,AA,,,,33.94,,,365.6,,,,
1978-09-30,Anne Arundel,AA,,,,33.94,,,365.6,,,,
1978-10-31,Anne Arundel,AA,,,,33.94,,,365.6,,,,
1978-11-30,Anne Arundel,AA,,,,33.94,,,365.6,,,,
1978-12-31,Anne Arundel,AA,,,,33.94,,,365.6,,,,
1979-01-31,Anne Arundel,AA,,,,37.67,,,369.0,,,,
1979-02-28,Anne Arundel,AA,,,,37.67,,,369.0,,,,
1979-03-31,Anne Arundel,AA,,,,37.67,,,369.0,,,,
1979-04-30,Anne Arundel,AA,,,,37.67,,,369.0,,,,
1979-05-31,Anne Arundel,AA,,,,37.67,,,369.0,,,,
1979-06-30,Anne Arundel,AA,,,,37.67,,,369.0,,,,
1979-07-31,Anne Arundel,AA,,,,37.67,,,369.0,,,,
1979-08-31,Anne Arundel,AA,,,,37.67,,,369.0,,,,
1979-09-30,Anne Arundel,AA,,,,37.67,,,369.0,,,,
1979-10-31,Anne Arundel,AA,,,,37.67,,,369.0,,,,
1979-11-30,Anne Arundel,AA,,,,37.67,,,369.0,,,,
1979-12-31,Anne Arundel,AA,,,,37.67,,,369.0,,,,
1980-01-31,Anne Arundel,AA,,,,40.73,,,370.775,,,,
1980-02-29,Anne Arundel,AA,,,,40.73,,,370.775,,,,
1980-03-31,Anne Arundel,AA,,,,40.73,,,370.775,,,,
1980-04-30,Anne Arundel,AA,,,,40.73,,,370.775,,,,
1980-05-31,Anne Arundel,AA,,,,40.73,,,370.775,,,,
1980-06-30,Anne Arundel,AA,,,,40.73,,,370.775,,,,
1980-07-31,Anne Arundel,AA,,,,40.73,,,370.775,,,,
1980-08-31,Anne Arundel,AA,,,,40.73,,,370.775,,,,
1980-09-30,Anne Arundel,AA,,,,40.73,,,370.775,,,,
1980-10-31,Anne Arundel,AA,,,,40.73,,,370.775,,,,
1980-11-30,Anne Arundel,AA,,,,40.73,,,370.775,,,,
1980-12-31,Anne Arundel,AA,,,,40.73,,,370.775,,,,
1981-01-31,Anne Arundel,AA,,,,45.33,,,378.219,,,,
1981-02-28,Anne Arundel,AA,,,,45.33,,,378.219,,,,
1981-03-31,Anne Arundel,AA,,,,45.33,,,378.219,,,,
1981-04-30,Anne Arundel,AA,,,,45.33,,,378.219,,,,
1981-05-31,Anne Arundel,AA,,,,45.33,,,378.219,,,,
1981-06-30,Anne Arundel,AA,,,,45.33,,,378.219,,,,
1981-07-31,Anne Arundel,AA,,,,45.33,,,378.219,,,,
1981-08-31,Anne Arundel,AA,,,,45.33,,,378.219,,,,
1981-09-30,Anne Arundel,AA,,,,45.33,,,378.219,,,,
1981-10-31,Anne Arundel,AA,,,,45.33,,,378.219,,,,
1981-11-30,Anne Arundel,AA,,,,45.33,,,378.219,,,,
1981-12-31,Anne Arundel,AA,,,,45.33,,,378.219,,,,
1982-01-31,Anne Arundel,AA,,,,41.27,,,382.453,,,,
1982-02-28,Anne Arundel,AA,,,,41.27,,,382.453,,,,
1982-03-31,Anne Arundel,AA,,,,41.27,,,382.453,,,,
1982-04-30,Anne Arundel,AA,,,,41.27,,,382.453,,,,
1982-05-31,Anne Arundel,AA,,,,41.27,,,382.453,,,,
1982-06-30,Anne Arundel,AA,,,,41.27,,,382.453,,,,
1982-07-31,Anne Arundel,AA,,,,41.27,,,382.453,,,,
1982-08-31,Anne Arundel,AA,,,,41.27,,,382.453,,,,
1982-09-30,Anne Arundel,AA,,,,41.27,,,382.453,,,,
1982-10-31,Anne Arundel,AA,,,,41.27,,,382.453,,,,
1982-11-30,Anne Arundel,AA,,,,41.27,,,382.453,,,,
1982-12-31,Anne Arundel,AA,,,,41.27,,,382.453,,,,
1983-01-31,Anne Arundel,AA,,,,45.95,,,385.375,,,,
1983-02-28,Anne Arundel,AA,,,,45.95,,,385.375,,,,
1983-03-31,Anne Arundel,AA,,,,45.95,,,385.375,,,,
1983-04-30,Anne Arundel,AA,,,,45.95,,,385.375,,,,
1983-05-31,Anne Arundel,AA,,,,45.95,,,385.375,,,,
1983-06-30,Anne Arundel,AA,,,,45.95,,,385.375,,,,
1983-07-31,Anne Arundel,AA,,,,45.95,,,385.375,,,,
1983-08-31,Anne Arundel,AA,,,,45.95,,,385.375,,,,
1983-09-30,Anne Arundel,AA,,,,45.95,,,385.375,,,,
1983-10-31,Anne Arundel,AA,,,,45.95,,,385.375,,,,
1983-11-30,Anne Arundel,AA,,,,45.95,,,385.375,,,,
1983-12-31,Anne Arundel,AA,,,,45.95,,,385.375,,,,
1984-01-31,Anne Arundel,AA,,,,49.35,,,389.989,,,,
1984-02-29,Anne Arundel,AA,,,,49.35,,,389.989,,,,
1984-03-31,Anne Arundel,AA,,,,49.35,,,389.989,,,,
1984-04-30,Anne Arundel,AA,,,,49.35,,,389.989,,,,
1984-05-31,Anne Arundel,AA,,,,49.35,,,389.989,,,,
1984-06-30,Anne Arundel,AA,,,,49.35,,,389.989,,,,
1984-07-31,Anne Arundel,AA,,,,49.35,,,389.989,,,,
1984-08-31,Anne Arundel,AA,,,,49.35,,,389.989,,,,
1984-09-30,Anne Arundel,AA,,,,49.35,,,389.989,,,,
1984-10-31,Anne Arundel,AA,,,,49.35,,,389.989,,,,
1984-11-30,Anne Arundel,AA,,,,49.35,,,389.989,,,,
1984-12-31,Anne Arundel,AA,,,,49.35,,,389.989,,,,
1985-01-31,Anne Arundel,AA,,,,51.83,,,396.028,,,,
1985-02-28,Anne Arundel,AA,,,,51.83,,,396.028,,,,
1985-03-31,Anne Arundel,AA,,,,51.83,,,396.028,,,,
1985-04-30,Anne Arundel,AA,,,,51.83,,,396.028,,,,
1985-05-31,Anne Arundel,AA,,,,51.83,,,396.028,,,,
1985-06-30,Anne Arundel,AA,,,,51.83,,,396.028,,,,
1985-07-31,Anne Arundel,AA,,,,51.83,,,396.028,,,,
1985-08-31,Anne Arundel,AA,,,,51.83,,,396.028,,,,
1985-09-30,Anne Arundel,AA,,,,51.83,,,396.028,,,,
1985-10-31,Anne Arundel,AA,,,,51.83,,,396.028,,,,
1985-11-30,Anne Arundel,AA,,,,51.83,,,396.028,,,,
1985-12-31,Anne Arundel,AA,,,,51.83,,,396.028,,,,
1986-01-31,Anne Arundel,AA,,,,55.99,,,403.532,,,,
1986-02-28,Anne Arundel,AA,,,,55.99,,,403.532,,,,
1986-03-31,Anne Arundel,AA,,,,55.99,,,403.532,,,,
1986-04-30,Anne Arundel,AA,,,,55.99,,,403.532,,,,
1986-05-31,Anne Arundel,AA,,,,55.99,,,403.532,,,,
1986-06-30,Anne Arundel,AA,,,,55.99,,,403.532,,,,
1986-07-31,Anne Arundel,AA,,,,55.99,,,403.532,,,,
1986-08-31,Anne Arundel,AA,,,,55.99,,,403.532,,,,
1986-09-30,Anne Arundel,AA,,,,55.99,,,403.532,,,,
1986-10-31,Anne Arundel,AA,,,,55.99,,,403.532,,,,
1986-11-30,Anne Arundel,AA,,,,55.99,,,403.532,,,,
1986-12-31,Anne Arundel,AA,,,,55.99,,,403.532,,,,
1987-01-31,Anne Arundel,AA,,,,61.45,,,412.139,,,,
1987-02-28,Anne Arundel,AA,,,,61.45,,,412.139,,,,
1987-03-31,Anne Arundel,AA,,,,61.45,,,412.139,,,,
1987-04-30,Anne Arundel,AA,,,,61.45,,,412.139,,,,
1987-05-31,Anne Arundel,AA,,,,61.45,,,412.139,,,,
1987-06-30,Anne Arundel,AA,,,,61.45,,,412.139,,,,
1987-07-31,Anne Arundel,AA,,,,61.45,,,412.139,,,,
1987-08-31,Anne Arundel,AA,,,,61.45,,,412.139,,,,
1987-09-30,Anne Arundel,AA,,,,61.45,,,412.139,,,,
1987-10-31,Anne Arundel,AA,,,,61.45,,,412.139,,,,
1987-11-30,Anne Arundel,AA,,,,61.45,,,412.139,,,,
1987-12-31,Anne Arundel,AA,,,,61.45,,,412.139,,,,
1988-01-31,Anne Arundel,AA,,,,70.63,,,418.047,,,,
1988-02-29,Anne Arundel,AA,,,,70.63,,,418.047,,,,
1988-03-31,Anne Arundel,AA,,,,70.63,,,418.047,,,,
1988-04-30,Anne Arundel,AA,,,,70.63,,,418.047,,,,
1988-05-31,Anne Arundel,AA,,,,70.63,,,418.047,,,,
1988-06-30,Anne Arundel,AA,,,,70.63,,,418.047,,,,
1988-07-31,Anne Arundel,AA,,,,70.63,,,418.047,,,,
1988-08-31,Anne Arundel,AA,,,,70.63,,,418.047,,,,
1988-09-30,Anne Arundel,AA,,,,70.63,,,418.047,,,,
1988-10-31,Anne Arundel,AA,,,,70.63,,,418.047,,,,
1988-11-30,Anne Arundel,AA,,,,70.63,,,418.047,,,,
1988-12-31,Anne Arundel,AA,,,,70.63,,,418.047,,,,
1989-01-31,Anne Arundel,AA,,,,77.04,,,423.564,5.4,,,
1989-02-28,Anne Arundel,AA,,,,77.04,,,423.564,5.4,,,
1989-03-31,Anne Arundel,AA,,,,77.04,,,423.564,5.4,,,
1989-04-30,Anne Arundel,AA,,,,77.04,,,423.564,5.4,,,
1989-05-31,Anne Arundel,AA,,,,77.04,,,423.564,5.4,,,
1989-06-30,Anne Arundel,AA,,,,77.04,,,423.564,5.4,,,
1989-07-31,Anne Arundel,AA,,,,77.04,,,423.564,5.4,,,
1989-08-31,Anne Arundel,AA,,,,77.04,,,423.564,5.4,,,
1989-09-30,Anne Arundel,AA,,,,77.04,,,423.564,5.4,,,
1989-10-31,Anne Arundel,AA,,,,77.04,,,423.564,5.4,,,
1989-11-30,Anne Arundel,AA,,,,77.04,,,423.564,5.4,,,
1989-12-31,Anne Arundel,AA,,,,77.04,,,423.564,5.4,,,
1990-01-31,Anne Arundel,AA,,228210.0,221673.0,80.86,,3911.0,428.877,,,6537.0,2.9
1990-02-28,Anne Arundel,AA,,230285.0,223481.0,80.86,,3911.0,428.877,,,6804.0,3.0
1990-03-31,Anne Arundel,AA,,231430.0,225260.0,80.86,,3911.0,428.877,,,6170.0,2.7
1990-04-30,Anne Arundel,AA,,229760.0,223796.0,80.86,,3911.0,428.877,,,5964.0,2.6
1990-05-31,Anne Arundel,AA,,231403.0,224818.0,80.86,,3911.0,428.877,,,6585.0,2.8
1990-06-30,Anne Arundel,AA,,233507.0,225947.0,80.86,,3911.0,428.877,,,7560.0,3.2
1990-07-31,Anne Arundel,AA,,235729.0,227341.0,80.86,,3911.0,428.877,,,8388.0,3.6
1990-08-31,Anne Arundel,AA,,233285.0,224876.0,80.86,,3911.0,428.877,,,8409.0,3.6
1990-09-30,Anne Arundel,AA,,230228.0,221918.0,80.86,,3911.0,428.877,,,8310.0,3.6
1990-10-31,Anne Arundel,AA,,231168.0,222653.0,80.86,,3911.0,428.877,,,8515.0,3.7
1990-11-30,Anne Arundel,AA,,230955.0,221813.0,80.86,,3911.0,428.877,,,9142.0,4.0
1990-12-31,Anne Arundel,AA,,230182.0,221140.0,80.86,,3911.0,428.877,,,9042.0,3.9
1991-01-31,Anne Arundel,AA,,227494.0,217265.0,82.68,,2464.0,434.344,,,10229.0,4.5
1991-02-28,Anne Arundel,AA,,228467.0,217174.0,82.68,,2464.0,434.344,,,11293.0,4.9
1991-03-31,Anne Arundel,AA,,230309.0,219287.0,82.68,,2464.0,434.344,,,11022.0,4.8
1991-04-30,Anne Arundel,AA,,230260.0,220289.0,82.68,,2464.0,434.344,,,9971.0,4.3
1991-05-31,Anne Arundel,AA,,231274.0,220291.0,82.68,,2464.0,434.344,,,10983.0,4.7
1991-06-30,Anne Arundel,AA,,234526.0,222786.0,82.68,,2464.0,434.344,,,11740.0,5.0
1991-07-31,Anne Arundel,AA,,237288.0,225685.0,82.68,,2464.0,434.344,,,11603.0,4.9
1991-08-31,Anne Arundel,AA,,233480.0,222125.0,82.68,,2464.0,434.344,,,11355.0,4.9
1991-09-30,Anne Arundel,AA,,232293.0,221225.0,82.68,,2464.0,434.344,,,11068.0,4.8
1991-10-31,Anne Arundel,AA,,233465.0,222026.0,82.68,,2464.0,434.344,,,11439.0,4.9
1991-11-30,Anne Arundel,AA,,233362.0,222021.0,82.68,,2464.0,434.344,,,11341.0,4.9
1991-12-31,Anne Arundel,AA,,233107.0,221288.0,82.68,,2464.0,434.344,,,11819.0,5.1
1992-01-31,Anne Arundel,AA,,232143.0,218550.0,83.69,,3615.0,440.836,,,13593.0,5.9
1992-02-29,Anne Arundel,AA,,232212.0,217901.0,83.69,,3615.0,440.836,,,14311.0,6.2
1992-03-31,Anne Arundel,AA,,233619.0,220362.0,83.69,,3615.0,440.836,,,13257.0,5.7
1992-04-30,Anne Arundel,AA,,233484.0,221378.0,83.69,,3615.0,440.836,,,12106.0,5.2
1992-05-31,Anne Arundel,AA,,235434.0,222280.0,83.69,,3615.0,440.836,,,13154.0,5.6
1992-06-30,Anne Arundel,AA,,238780.0,224409.0,83.69,,3615.0,440.836,,,14371.0,6.0
1992-07-31,Anne Arundel,AA,,242477.0,228477.0,83.69,,3615.0,440.836,,,14000.0,5.8
1992-08-31,Anne Arundel,AA,,239513.0,226209.0,83.69,,3615.0,440.836,,,13304.0,5.6
1992-09-30,Anne Arundel,AA,,234631.0,222159.0,83.69,,3615.0,440.836,,,12472.0,5.3
1992-10-31,Anne Arundel,AA,,235640.0,223534.0,83.69,,3615.0,440.836,,,12106.0,5.1
1992-11-30,Anne Arundel,AA,,235621.0,223524.0,83.69,,3615.0,440.836,,,12097.0,5.1
1992-12-31,Anne Arundel,AA,,235338.0,223643.0,83.69,,3615.0,440.836,,,11695.0,5.0
1993-01-31,Anne Arundel,AA,,236287.0,222554.0,84.19,,3730.0,448.583,6.8,,13733.0,5.8
1993-02-28,Anne Arundel,AA,,237485.0,222992.0,84.19,,3730.0,448.583,6.8,,14493.0,6.1
1993-03-31,Anne Arundel,AA,,238866.0,225048.0,84.19,,3730.0,448.583,6.8,,13818.0,5.8
1993-04-30,Anne Arundel,AA,,237381.0,224422.0,84.19,,3730.0,448.583,6.8,,12959.0,5.5
1993-05-31,Anne Arundel,AA,,239913.0,226553.0,84.19,,3730.0,448.583,6.8,,13360.0,5.6
1993-06-30,Anne Arundel,AA,,243173.0,228853.0,84.19,,3730.0,448.583,6.8,,14320.0,5.9
1993-07-31,Anne Arundel,AA,,246743.0,233089.0,84.19,,3730.0,448.583,6.8,,13654.0,5.5
1993-08-31,Anne Arundel,AA,,244500.0,231480.0,84.19,,3730.0,448.583,6.8,,13020.0,5.3
1993-09-30,Anne Arundel,AA,,239611.0,227919.0,84.19,,3730.0,448.583,6.8,,11692.0,4.9
1993-10-31,Anne Arundel,AA,,241059.0,229527.0,84.19,,3730.0,448.583,6.8,,11532.0,4.8
1993-11-30,Anne Arundel,AA,,241553.0,230703.0,84.19,,3730.0,448.583,6.8,,10850.0,4.5
1993-12-31,Anne Arundel,AA,,241582.0,231298.0,84.19,,3730.0,448.583,6.8,,10284.0,4.3
1994-01-31,Anne Arundel,AA,,238869.0,226741.0,84.56,,3257.0,456.499,,,12128.0,5.1
1994-02-28,Anne Arundel,AA,,238560.0,226630.0,84.56,,3257.0,456.499,,,11930.0,5.0
1994-03-31,Anne Arundel,AA,,239601.0,228200.0,84.56,,3257.0,456.499,,,11401.0,4.8
1994-04-30,Anne Arundel,AA,,238937.0,228782.0,84.56,,3257.0,456.499,,,10155.0,4.3
1994-05-31,Anne Arundel,AA,,241428.0,231250.0,84.56,,3257.0,456.499,,,10178.0,4.2
1994-06-30,Anne Arundel,AA,,244243.0,232926.0,84.56,,3257.0,456.499,,,11317.0,4.6
1994-07-31,Anne Arundel,AA,,247232.0,236205.0,84.56,,3257.0,456.499,,,11027.0,4.5
1994-08-31,Anne Arundel,AA,,245530.0,234812.0,84.56,,3257.0,456.499,,,10718.0,4.4
1994-09-30,Anne Arundel,AA,,242913.0,232863.0,84.56,,3257.0,456.499,,,10050.0,4.1
1994-10-31,Anne Arundel,AA,,244306.0,234803.0,84.56,,3257.0,456.499,,,9503.0,3.9
1994-11-30,Anne Arundel,AA,,244523.0,235389.0,84.56,,3257.0,456.499,,,9134.0,3.7
1994-12-31,Anne Arundel,AA,,243846.0,235361.0,84.56,,3257.0,456.499,,,8485.0,3.5
1995-01-31,Anne Arundel,AA,,243902.0,233511.0,85.61,,3288.0,463.022,5.4,,10391.0,4.3
1995-02-28,Anne Arundel,AA,,244050.0,234077.0,85.61,,3288.0,463.022,5.4,,9973.0,4.1
1995-03-31,Anne Arundel,AA,,245734.0,236113.0,85.61,,3288.0,463.022,5.4,,9621.0,3.9
1995-04-30,Anne Arundel,AA,,245897.0,236352.0,85.61,,3288.0,463.022,5.4,,9545.0,3.9
1995-05-31,Anne Arundel,AA,,245984.0,236438.0,85.61,,3288.0,463.022,5.4,,9546.0,3.9
1995-06-30,Anne Arundel,AA,,248965.0,238041.0,85.61,,3288.0,463.022,5.4,,10924.0,4.4
1995-07-31,Anne Arundel,AA,,250644.0,239591.0,85.61,,3288.0,463.022,5.4,,11053.0,4.4
1995-08-31,Anne Arundel,AA,,248215.0,237920.0,85.61,,3288.0,463.022,5.4,,10295.0,4.1
1995-09-30,Anne Arundel,AA,,245127.0,235784.0,85.61,,3288.0,463.022,5.4,,9343.0,3.8
1995-10-31,Anne Arundel,AA,,245869.0,237048.0,85.61,,3288.0,463.022,5.4,,8821.0,3.6
1995-11-30,Anne Arundel,AA,,245737.0,236767.0,85.61,,3288.0,463.022,5.4,,8970.0,3.7
1995-12-31,Anne Arundel,AA,,244675.0,236392.0,85.61,,3288.0,463.022,5.4,,8283.0,3.4
1996-01-31,Anne Arundel,AA,,243540.0,233285.0,86.98,,3083.0,467.286,,,10255.0,4.2
1996-02-29,Anne Arundel,AA,,245592.0,234984.0,86.98,,3083.0,467.286,,,10608.0,4.3
1996-03-31,Anne Arundel,AA,,247784.0,237561.0,86.98,,3083.0,467.286,,,10223.0,4.1
1996-04-30,Anne Arundel,AA,,247806.0,238115.0,86.98,,3083.0,467.286,,,9691.0,3.9
1996-05-31,Anne Arundel,AA,,250929.0,240510.0,86.98,,3083.0,467.286,,,10419.0,4.2
1996-06-30,Anne Arundel,AA,,254028.0,242765.0,86.98,,3083.0,467.286,,,11263.0,4.4
1996-07-31,Anne Arundel,AA,,257153.0,245468.0,86.98,,3083.0,467.286,,,11685.0,4.5
1996-08-31,Anne Arundel,AA,,254063.0,243392.0,86.98,,3083.0,467.286,,,10671.0,4.2
1996-09-30,Anne Arundel,AA,,252401.0,242571.0,86.98,,3083.0,467.286,,,9830.0,3.9
1996-10-31,Anne Arundel,AA,,254501.0,244929.0,86.98,,3083.0,467.286,,,9572.0,3.8
1996-11-30,Anne Arundel,AA,,252701.0,243748.0,86.98,,3083.0,467.286,,,8953.0,3.5
1996-12-31,Anne Arundel,AA,,251030.0,242374.0,86.98,,3083.0,467.286,,,8656.0,3.4
1997-01-31,Anne Arundel,AA,,250997.0,240959.0,87.75,,2606.0,472.356,5.3,,10038.0,4.0
1997-02-28,Anne Arundel,AA,,251839.0,241346.0,87.75,,2606.0,472.356,5.3,,10493.0,4.2
1997-03-31,Anne Arundel,AA,,254003.0,244155.0,87.75,,2606.0,472.356,5.3,,9848.0,3.9
1997-04-30,Anne Arundel,AA,,253331.0,244349.0,87.75,,2606.0,472.356,5.3,,8982.0,3.5
1997-05-31,Anne Arundel,AA,,255528.0,246096.0,87.75,,2606.0,472.356,5.3,,9432.0,3.7
1997-06-30,Anne Arundel,AA,,258678.0,247551.0,87.75,,2606.0,472.356,5.3,,11127.0,4.3
1997-07-31,Anne Arundel,AA,,259303.0,249184.0,87.75,,2606.0,472.356,5.3,,10119.0,3.9
1997-08-31,Anne Arundel,AA,,257153.0,247285.0,87.75,,2606.0,472.356,5.3,,9868.0,3.8
1997-09-30,Anne Arundel,AA,,252043.0,243655.0,87.75,,2606.0,472.356,5.3,,8388.0,3.3
1997-10-31,Anne Arundel,AA,,254392.0,245563.0,87.75,,2606.0,472.356,5.3,,8829.0,3.5
1997-11-30,Anne Arundel,AA,,255088.0,246612.0,87.75,,2606.0,472.356,5.3,,8476.0,3.3
1997-12-31,Anne Arundel,AA,,254664.0,246410.0,87.75,,2606.0,472.356,5.3,,8254.0,3.2
1998-01-31,Anne Arundel,AA,,252274.0,243503.0,89.95,,3638.0,477.749,5.5,,8771.0,3.5
1998-02-28,Anne Arundel,AA,,253384.0,243760.0,89.95,,3638.0,477.749,5.5,,9624.0,3.8
1998-03-31,Anne Arundel,AA,,255060.0,245563.0,89.95,,3638.0,477.749,5.5,,9497.0,3.7
1998-04-30,Anne Arundel,AA,,252666.0,245083.0,89.95,,3638.0,477.749,5.5,,7583.0,3.0
1998-05-31,Anne Arundel,AA,,253855.0,245745.0,89.95,,3638.0,477.749,5.5,,8110.0,3.2
1998-06-30,Anne Arundel,AA,,256878.0,246979.0,89.95,,3638.0,477.749,5.5,,9899.0,3.9
1998-07-31,Anne Arundel,AA,,256655.0,247988.0,89.95,,3638.0,477.749,5.5,,8667.0,3.4
1998-08-31,Anne Arundel,AA,,254441.0,246184.0,89.95,,3638.0,477.749,5.5,,8257.0,3.2
1998-09-30,Anne Arundel,AA,,252616.0,245143.0,89.95,,3638.0,477.749,5.5,,7473.0,3.0
1998-10-31,Anne Arundel,AA,,254526.0,247162.0,89.95,,3638.0,477.749,5.5,,7364.0,2.9
1998-11-30,Anne Arundel,AA,,254662.0,247552.0,89.95,,3638.0,477.749,5.5,,7110.0,2.8
1998-12-31,Anne Arundel,AA,,254201.0,248005.0,89.95,,3638.0,477.749,5.5,,6196.0,2.4
1999-01-31,Anne Arundel,AA,,254486.0,246778.0,92.7,,3633.0,484.8,5.2,,7708.0,3.0
1999-02-28,Anne Arundel,AA,,254538.0,246328.0,92.7,,3633.0,484.8,5.2,,8210.0,3.2
1999-03-31,Anne Arundel,AA,,255845.0,248721.0,92.7,,3633.0,484.8,5.2,,7124.0,2.8
1999-04-30,Anne Arundel,AA,,255027.0,248360.0,92.7,,3633.0,484.8,5.2,,6667.0,2.6
1999-05-31,Anne Arundel,AA,,256714.0,250170.0,92.7,,3633.0,484.8,5.2,,6544.0,2.5
1999-06-30,Anne Arundel,AA,,258974.0,251298.0,92.7,,3633.0,484.8,5.2,,7676.0,3.0
1999-07-31,Anne Arundel,AA,,261534.0,253793.0,92.7,,3633.0,484.8,5.2,,7741.0,3.0
1999-08-31,Anne Arundel,AA,,258610.0,251162.0,92.7,,3633.0,484.8,5.2,,7448.0,2.9
1999-09-30,Anne Arundel,AA,,255525.0,249065.0,92.7,,3633.0,484.8,5.2,,6460.0,2.5
1999-10-31,Anne Arundel,AA,,258158.0,251690.0,92.7,,3633.0,484.8,5.2,,6468.0,2.5
1999-11-30,Anne Arundel,AA,,258074.0,251833.0,92.7,,3633.0,484.8,5.2,,6241.0,2.4
1999-12-31,Anne Arundel,AA,,257389.0,251882.0,92.7,,3633.0,484.8,5.2,,5507.0,2.1
2000-01-31,Anne Arundel,AA,,264059.0,255999.0,100.0,,3078.0,491.484,5.2,,8060.0,3.1
2000-02-29,Anne Arundel,AA,,264055.0,255850.0,100.0,,3078.0,491.484,5.2,,8205.0,3.1
2000-03-31,Anne Arundel,AA,,266014.0,258036.0,100.0,,3078.0,491.484,5.2,,7978.0,3.0
2000-04-30,Anne Arundel,AA,,265620.0,258720.0,100.0,,3078.0,491.484,5.2,,6900.0,2.6
2000-05-31,Anne Arundel,AA,,266442.0,258278.0,100.0,,3078.0,491.484,5.2,,8164.0,3.1
2000-06-30,Anne Arundel,AA,,269388.0,260315.0,100.0,,3078.0,491.484,5.2,,9073.0,3.4
2000-07-31,Anne Arundel,AA,,270966.0,261751.0,100.0,,3078.0,491.484,5.2,,9215.0,3.4
2000-08-31,Anne Arundel,AA,,268232.0,259299.0,100.0,,3078.0,491.484,5.2,,8933.0,3.3
2000-09-30,Anne Arundel,AA,,266390.0,258761.0,100.0,,3078.0,491.484,5.2,,7629.0,2.9
2000-10-31,Anne Arundel,AA,,269419.0,261562.0,100.0,,3078.0,491.484,5.2,,7857.0,2.9
2000-11-30,Anne Arundel,AA,,269914.0,261949.0,100.0,,3078.0,491.484,5.2,,7965.0,3.0
2000-12-31,Anne Arundel,AA,,270649.0,263342.0,100.0,,3078.0,491.484,5.2,,7307.0,2.7
2001-01-31,Anne Arundel,AA,,269036.0,260601.0,108.05,,2492.0,496.975,5.1,28113392.0,8435.0,3.1
2001-02-28,Anne Arundel,AA,,269223.0,260516.0,108.05,,2492.0,496.975,5.1,28113392.0,8707.0,3.2
2001-03-31,Anne Arundel,AA,,271096.0,262663.0,108.05,,2492.0,496.975,5.1,28113392.0,8433.0,3.1
2001-04-30,Anne Arundel,AA,,269096.0,261333.0,108.05,,2492.0,496.975,5.1,28113392.0,7763.0,2.9
2001-05-31,Anne Arundel,AA,,269840.0,261770.0,108.05,,2492.0,496.975,5.1,28113392.0,8070.0,3.0
2001-06-30,Anne Arundel,AA,,273241.0,263007.0,108.05,,2492.0,496.975,5.1,28113392.0,10234.0,3.7
2001-07-31,Anne Arundel,AA,,275389.0,265289.0,108.05,,2492.0,496.975,5.1,28113392.0,10100.0,3.7
2001-08-31,Anne Arundel,AA,,270668.0,260148.0,108.05,,2492.0,496.975,5.1,28113392.0,10520.0,3.9
2001-09-30,Anne Arundel,AA,,270085.0,260062.0,108.05,,2492.0,496.975,5.1,28113392.0,10023.0,3.7
2001-10-31,Anne Arundel,AA,,272245.0,261328.0,108.05,,2492.0,496.975,5.1,28113392.0,10917.0,4.0
2001-11-30,Anne Arundel,AA,,272696.0,261645.0,108.05,,2492.0,496.975,5.1,28113392.0,11051.0,4.1
2001-12-31,Anne Arundel,AA,,272594.0,261787.0,108.05,,2492.0,496.975,5.1,28113392.0,10807.0,4.0
2002-01-31,Anne Arundel,AA,,269898.0,257995.0,119.8,,2359.0,501.892,5.6,29689245.0,11903.0,4.4
2002-02-28,Anne Arundel,AA,,272341.0,260070.0,119.8,,2359.0,501.892,5.6,29689245.0,12271.0,4.5
2002-03-31,Anne Arundel,AA,,273556.0,261774.0,119.8,,2359.0,501.892,5.6,29689245.0,11782.0,4.3
2002-04-30,Anne Arundel,AA,,271811.0,260985.0,119.8,,2359.0,501.892,5.6,29689245.0,10826.0,4.0
2002-05-31,Anne Arundel,AA,,272907.0,262685.0,119.8,,2359.0,501.892,5.6,29689245.0,10222.0,3.7
2002-06-30,Anne Arundel,AA,,275545.0,264009.0,119.8,,2359.0,501.892,5.6,29689245.0,11536.0,4.2
2002-07-31,Anne Arundel,AA,,277488.0,266201.0,119.8,,2359.0,501.892,5.6,29689245.0,11287.0,4.1
2002-08-31,Anne Arundel,AA,,273939.0,263093.0,119.8,,2359.0,501.892,5.6,29689245.0,10846.0,4.0
2002-09-30,Anne Arundel,AA,,271652.0,262413.0,119.8,,2359.0,501.892,5.6,29689245.0,9239.0,3.4
2002-10-31,Anne Arundel,AA,,272707.0,263202.0,119.8,,2359.0,501.892,5.6,29689245.0,9505.0,3.5
2002-11-30,Anne Arundel,AA,,271535.0,261587.0,119.8,,2359.0,501.892,5.6,29689245.0,9948.0,3.7
2002-12-31,Anne Arundel,AA,,271038.0,261554.0,119.8,,2359.0,501.892,5.6,29689245.0,9484.0,3.5
2003-01-31,Anne Arundel,AA,,268822.0,258024.0,130.65,,3001.0,503.299,6.2,31332343.0,10798.0,4.0
2003-02-28,Anne Arundel,AA,,269117.0,257993.0,130.65,,3001.0,503.299,6.2,31332343.0,11124.0,4.1
2003-03-31,Anne Arundel,AA,,270404.0,259898.0,130.65,,3001.0,503.299,6.2,31332343.0,10506.0,3.9
2003-04-30,Anne Arundel,AA,,270174.0,260261.0,130.65,,3001.0,503.299,6.2,31332343.0,9913.0,3.7
2003-05-31,Anne Arundel,AA,,270713.0,260434.0,130.65,,3001.0,503.299,6.2,31332343.0,10279.0,3.8
2003-06-30,Anne Arundel,AA,,272841.0,261077.0,130.65,,3001.0,503.299,6.2,31332343.0,11764.0,4.3
2003-07-31,Anne Arundel,AA,,273344.0,261909.0,130.65,,3001.0,503.299,6.2,31332343.0,11435.0,4.2
2003-08-31,Anne Arundel,AA,,271220.0,260652.0,130.65,,3001.0,503.299,6.2,31332343.0,10568.0,3.9
2003-09-30,Anne Arundel,AA,,269330.0,259766.0,130.65,,3001.0,503.299,6.2,31332343.0,9564.0,3.6
2003-10-31,Anne Arundel,AA,,271619.0,261982.0,130.65,,3001.0,503.299,6.2,31332343.0,9637.0,3.5
2003-11-30,Anne Arundel,AA,,272075.0,262175.0,130.65,,3001.0,503.299,6.2,31332343.0,9900.0,3.6
2003-12-31,Anne Arundel,AA,,271322.0,262184.0,130.65,,3001.0,503.299,6.2,31332343.0,9138.0,3.4
2004-01-31,Anne Arundel,AA,,270057.0,259237.0,155.18,,2364.0,507.037,6.5,33543034.0,10820.0,4.0
2004-02-29,Anne Arundel,AA,,269189.0,258563.0,155.18,,2364.0,507.037,6.5,33543034.0,10626.0,3.9
2004-03-31,Anne Arundel,AA,,270654.0,260018.0,155.18,,2364.0,507.037,6.5,33543034.0,10636.0,3.9
2004-04-30,Anne Arundel,AA,,268952.0,259783.0,155.18,,2364.0,507.037,6.5,33543034.0,9169.0,3.4
2004-05-31,Anne Arundel,AA,,269490.0,260033.0,155.18,,2364.0,507.037,6.5,33543034.0,9457.0,3.5
2004-06-30,Anne Arundel,AA,,272966.0,261894.0,155.18,,2364.0,507.037,6.5,33543034.0,11072.0,4.1
2004-07-31,Anne Arundel,AA,,275574.0,264123.0,155.18,,2364.0,507.037,6.5,33543034.0,11451.0,4.2
2004-08-31,Anne Arundel,AA,,271740.0,261187.0,155.18,,2364.0,507.037,6.5,33543034.0,10553.0,3.9
2004-09-30,Anne Arundel,AA,,269457.0,260182.0,155.18,,2364.0,507.037,6.5,33543034.0,9275.0,3.4
2004-10-31,Anne Arundel,AA,,272314.0,262525.0,155.18,,2364.0,507.037,6.5,33543034.0,9789.0,3.6
2004-11-30,Anne Arundel,AA,,272895.0,263005.0,155.18,,2364.0,507.037,6.5,33543034.0,9890.0,3.6
2004-12-31,Anne Arundel,AA,,271940.0,262552.0,155.18,,2364.0,507.037,6.5,33543034.0,9388.0,3.5
2005-01-31,Anne Arundel,AA,,270008.0,259570.0,191.16,,2495.0,508.31,5.4,35393218.0,10438.0,3.9
2005-02-28,Anne Arundel,AA,,270774.0,259711.0,191.16,,2495.0,508.31,5.4,35393218.0,11063.0,4.1
2005-03-31,Anne Arundel,AA,,272501.0,261866.0,191.16,,2495.0,508.31,5.4,35393218.0,10635.0,3.9
2005-04-30,Anne Arundel,AA,,273098.0,263574.0,191.16,,2495.0,508.31,5.4,35393218.0,9524.0,3.5
2005-05-31,Anne Arundel,AA,,275062.0,265366.0,191.16,,2495.0,508.31,5.4,35393218.0,9696.0,3.5
2005-06-30,Anne Arundel,AA,,278396.0,267763.0,191.16,,2495.0,508.31,5.4,35393218.0,10633.0,3.8
2005-07-31,Anne Arundel,AA,,281637.0,270737.0,191.16,,2495.0,508.31,5.4,35393218.0,10900.0,3.9
2005-08-31,Anne Arundel,AA,,278429.0,268392.0,191.16,,2495.0,508.31,5.4,35393218.0,10037.0,3.6
2005-09-30,Anne Arundel,AA,,276606.0,267869.0,191.16,,2495.0,508.31,5.4,35393218.0,8737.0,3.2
2005-10-31,Anne Arundel,AA,,279090.0,270251.0,191.16,,2495.0,508.31,5.4,35393218.0,8839.0,3.2
2005-11-30,Anne Arundel,AA,,278837.0,269613.0,191.16,,2495.0,508.31,5.4,35393218.0,9224.0,3.3
2005-12-31,Anne Arundel,AA,,278985.0,271105.0,191.16,,2495.0,508.31,5.4,35393218.0,7880.0,2.8
2006-01-31,Anne Arundel,AA,,276156.0,267084.0,214.48,,1414.0,508.21,4.8,36210713.0,9072.0,3.3
2006-02-28,Anne Arundel,AA,,276687.0,267481.0,214.48,,1414.0,508.21,4.8,36210713.0,9206.0,3.3
2006-03-31,Anne Arundel,AA,,279032.0,270267.0,214.48,,1414.0,508.21,4.8,36210713.0,8765.0,3.1
2006-04-30,Anne Arundel,AA,,279206.0,270707.0,214.48,,1414.0,508.21,4.8,36210713.0,8499.0,3.0
2006-05-31,Anne Arundel,AA,,280331.0,271267.0,214.48,,1414.0,508.21,4.8,36210713.0,9064.0,3.2
2006-06-30,Anne Arundel,AA,,284236.0,273236.0,214.48,,1414.0,508.21,4.8,36210713.0,11000.0,3.9
2006-07-31,Anne Arundel,AA,,286697.0,275297.0,214.48,,1414.0,508.21,4.8,36210713.0,11400.0,4.0
2006-08-31,Anne Arundel,AA,,283264.0,273049.0,214.48,,1414.0,508.21,4.8,36210713.0,10215.0,3.6
2006-09-30,Anne Arundel,AA,,281131.0,272247.0,214.48,,1414.0,508.21,4.8,36210713.0,8884.0,3.2
2006-10-31,Anne Arundel,AA,,283728.0,274937.0,214.48,,1414.0,508.21,4.8,36210713.0,8791.0,3.1
2006-11-30,Anne Arundel,AA,,283630.0,274735.0,214.48,,1414.0,508.21,4.8,36210713.0,8895.0,3.1
2006-12-31,Anne Arundel,AA,,283691.0,275545.0,214.48,,1414.0,508.21,4.8,36210713.0,8146.0,2.9
2007-01-31,Anne Arundel,AA,,281985.0,272298.0,214.89,,1831.0,509.898,5.0,37369084.0,9687.0,3.4
2007-02-28,Anne Arundel,AA,,280454.0,271071.0,214.89,,1831.0,509.898,5.0,37369084.0,9383.0,3.3
2007-03-31,Anne Arundel,AA,,282460.0,274202.0,214.89,,1831.0,509.898,5.0,37369084.0,8258.0,2.9
2007-04-30,Anne Arundel,AA,,280973.0,273386.0,214.89,,1831.0,509.898,5.0,37369084.0,7587.0,2.7
2007-05-31,Anne Arundel,AA,,282078.0,274177.0,214.89,,1831.0,509.898,5.0,37369084.0,7901.0,2.8
2007-06-30,Anne Arundel,AA,,285862.0,276348.0,214.89,,1831.0,509.898,5.0,37369084.0,9514.0,3.3
2007-07-31,Anne Arundel,AA,,288488.0,278943.0,214.89,,1831.0,509.898,5.0,37369084.0,9545.0,3.3
2007-08-31,Anne Arundel,AA,,284658.0,276044.0,214.89,,1831.0,509.898,5.0,37369084.0,8614.0,3.0
2007-09-30,Anne Arundel,AA,,283909.0,275818.0,214.89,,1831.0,509.898,5.0,37369084.0,8091.0,2.8
2007-10-31,Anne Arundel,AA,,285314.0,277176.0,214.89,,1831.0,509.898,5.0,37369084.0,8138.0,2.9
2007-11-30,Anne Arundel,AA,,285755.0,278182.0,214.89,,1831.0,509.898,5.0,37369084.0,7573.0,2.7
2007-12-31,Anne Arundel,AA,,284677.0,277287.0,214.89,,1831.0,509.898,5.0,37369084.0,7390.0,2.6
2008-01-31,Anne Arundel,AA,,284569.0,276111.0,204.64,,974.0,513.329,5.0,38642423.0,8458.0,3.0
2008-02-29,Anne Arundel,AA,,283605.0,275059.0,204.64,,974.0,513.329,5.0,38642423.0,8546.0,3.0
2008-03-31,Anne Arundel,AA,,286160.0,277468.0,204.64,,974.0,513.329,5.0,38642423.0,8692.0,3.0
2008-04-30,Anne Arundel,AA,,286443.0,278435.0,204.64,,974.0,513.329,5.0,38642423.0,8008.0,2.8
2008-05-31,Anne Arundel,AA,,287967.0,278227.0,204.64,,974.0,513.329,5.0,38642423.0,9740.0,3.4
2008-06-30,Anne Arundel,AA,,291215.0,279335.0,204.64,,974.0,513.329,5.0,38642423.0,11880.0,4.1
2008-07-31,Anne Arundel,AA,,293381.0,281017.0,204.64,,974.0,513.329,5.0,38642423.0,12364.0,4.2
2008-08-31,Anne Arundel,AA,,289989.0,277523.0,204.64,,974.0,513.329,5.0,38642423.0,12466.0,4.3
2008-09-30,Anne Arundel,AA,,287761.0,275796.0,204.64,,974.0,513.329,5.0,38642423.0,11965.0,4.2
2008-10-31,Anne Arundel,AA,,290636.0,277660.0,204.64,,974.0,513.329,5.0,38642423.0,12976.0,4.5
2008-11-30,Anne Arundel,AA,,289190.0,276216.0,204.64,,974.0,513.329,5.0,38642423.0,12974.0,4.5
2008-12-31,Anne Arundel,AA,,288562.0,274816.0,204.64,,974.0,513.329,5.0,38642423.0,13746.0,4.8
2009-01-31,Anne Arundel,AA,,288070.0,271625.0,185.0,,1175.0,519.182,6.8,38637793.0,16445.0,5.7
2009-02-28,Anne Arundel,AA,,288124.0,270171.0,185.0,,1175.0,519.182,6.8,38637793.0,17953.0,6.2
2009-03-31,Anne Arundel,AA,,289433.0,271624.0,185.0,,1175.0,519.182,6.8,38637793.0,17809.0,6.2
2009-04-30,Anne Arundel,AA,,289923.0,272983.0,185.0,,1175.0,519.182,6.8,38637793.0,16940.0,5.8
2009-05-31,Anne Arundel,AA,,290293.0,272124.0,185.0,,1175.0,519.182,6.8,38637793.0,18169.0,6.3
2009-06-30,Anne Arundel,AA,,293577.0,273812.0,185.0,,1175.0,519.182,6.8,38637793.0,19765.0,6.7
2009-07-31,Anne Arundel,AA,,294990.0,274978.0,185.0,,1175.0,519.182,6.8,38637793.0,20012.0,6.8
2009-08-31,Anne Arundel,AA,,291423.0,271760.0,185.0,,1175.0,519.182,6.8,38637793.0,19663.0,6.7
2009-09-30,Anne Arundel,AA,,289367.0,269960.0,185.0,,1175.0,519.182,6.8,38637793.0,19407.0,6.7
2009-10-31,Anne Arundel,AA,,290822.0,270648.0,185.0,,1175.0,519.182,6.8,38637793.0,20174.0,6.9
2009-11-30,Anne Arundel,AA,,290467.0,270666.0,185.0,,1175.0,519.182,6.8,38637793.0,19801.0,6.8
2009-12-31,Anne Arundel,AA,,288784.0,269083.0,185.0,,1175.0,519.182,6.8,38637793.0,19701.0,6.8
2010-01-31,Anne Arundel,AA,,284556.0,262847.0,175.56,,1711.0,539.305,6.6,40279192.0,21709.0,7.6
2010-02-28,Anne Arundel,AA,,283833.0,261922.0,175.56,,1711.0,539.305,6.6,40279192.0,21911.0,7.7
2010-03-31,Anne Arundel,AA,,287090.0,266025.0,175.56,,1711.0,539.305,6.6,40279192.0,21065.0,7.3
2010-04-30,Anne Arundel,AA,,287755.0,268267.0,175.56,,1711.0,539.305,6.6,40279192.0,19488.0,6.8
2010-05-31,Anne Arundel,AA,,287224.0,267719.0,175.56,,1711.0,539.305,6.6,40279192.0,19505.0,6.8
2010-06-30,Anne Arundel,AA,,289432.0,268845.0,175.56,,1711.0,539.305,6.6,40279192.0,20587.0,7.1
2010-07-31,Anne Arundel,AA,,290516.0,269436.0,175.56,,1711.0,539.305,6.6,40279192.0,21080.0,7.3
2010-08-31,Anne Arundel,AA,,289012.0,268490.0,175.56,,1711.0,539.305,6.6,40279192.0,20522.0,7.1
2010-09-30,Anne Arundel,AA,,286459.0,267266.0,175.56,,1711.0,539.305,6.6,40279192.0,19193.0,6.7
2010-10-31,Anne Arundel,AA,,287890.0,269076.0,175.56,,1711.0,539.305,6.6,40279192.0,18814.0,6.5
2010-11-30,Anne Arundel,AA,,287500.0,268257.0,175.56,,1711.0,539.305,6.6,40279192.0,19243.0,6.7
2010-12-31,Anne Arundel,AA,,286765.0,268533.0,175.56,,1711.0,539.305,6.6,40279192.0,18232.0,6.4
2011-01-31,Anne Arundel,AA,,285936.0,266616.0,169.15,,2360.0,544.863,6.5,41732920.0,19320.0,6.8
2011-02-28,Anne Arundel,AA,,285699.0,266840.0,169.15,,2360.0,544.863,6.5,41732920.0,18859.0,6.6
2011-03-31,Anne Arundel,AA,,288575.0,270110.0,169.15,,2360.0,544.863,6.5,41732920.0,18465.0,6.4
2011-04-30,Anne Arundel,AA,,288252.0,270995.0,169.15,,2360.0,544.863,6.5,41732920.0,17257.0,6.0
2011-05-31,Anne Arundel,AA,,289320.0,271372.0,169.15,,2360.0,544.863,6.5,41732920.0,17948.0,6.2
2011-06-30,Anne Arundel,AA,,291468.0,271660.0,169.15,,2360.0,544.863,6.5,41732920.0,19808.0,6.8
2011-07-31,Anne Arundel,AA,,292461.0,272752.0,169.15,,2360.0,544.863,6.5,41732920.0,19709.0,6.7
2011-08-31,Anne Arundel,AA,,290921.0,271488.0,169.15,,2360.0,544.863,6.5,41732920.0,19433.0,6.7
2011-09-30,Anne Arundel,AA,,289776.0,271175.0,169.15,,2360.0,544.863,6.5,41732920.0,18601.0,6.4
2011-10-31,Anne Arundel,AA,,291789.0,273766.0,169.15,,2360.0,544.863,6.5,41732920.0,18023.0,6.2
2011-11-30,Anne Arundel,AA,,290988.0,274264.0,169.15,,2360.0,544.863,6.5,41732920.0,16724.0,5.7
2011-12-31,Anne Arundel,AA,,291305.0,274514.0,169.15,,2360.0,544.863,6.5,41732920.0,16791.0,5.8
2012-01-31,Anne Arundel,AA,,290540.0,272507.0,166.44,,1595.0,550.476,6.3,42515897.0,18033.0,6.2
2012-02-29,Anne Arundel,AA,,291519.0,273230.0,166.44,,1595.0,550.476,6.3,42515897.0,18289.0,6.3
2012-03-31,Anne Arundel,AA,,293518.0,275833.0,166.44,,1595.0,550.476,6.3,42515897.0,17685.0,6.0
2012-04-30,Anne Arundel,AA,,292451.0,276225.0,166.44,,1595.0,550.476,6.3,42515897.0,16226.0,5.5
2012-05-31,Anne Arundel,AA,,294067.0,276972.0,166.44,,1595.0,550.476,6.3,42515897.0,17095.0,5.8
2012-06-30,Anne Arundel,AA,,296711.0,277870.0,166.44,,1595.0,550.476,6.3,42515897.0,18841.0,6.3
2012-07-31,Anne Arundel,AA,,298193.0,279280.0,166.44,,1595.0,550.476,6.3,42515897.0,18913.0,6.3
2012-08-31,Anne Arundel,AA,,295606.0,277202.0,166.44,,1595.0,550.476,6.3,42515897.0,18404.0,6.2
2012-09-30,Anne Arundel,AA,,294616.0,277982.0,166.44,,1595.0,550.476,6.3,42515897.0,16634.0,5.6
2012-10-31,Anne Arundel,AA,,297395.0,280570.0,166.44,,1595.0,550.476,6.3,42515897.0,16825.0,5.7
2012-11-30,Anne Arundel,AA,,295866.0,279581.0,166.44,,1595.0,550.476,6.3,42515897.0,16285.0,5.5
2012-12-31,Anne Arundel,AA,,296464.0,279812.0,166.44,,1595.0,550.476,6.3,42515897.0,16652.0,5.6
2013-01-31,Anne Arundel,AA,,296445.0,278102.0,170.12,,1851.0,555.638,7.3,44773057.0,18343.0,6.2
2013-02-28,Anne Arundel,AA,,296463.0,278600.0,170.12,,1851.0,555.638,7.3,44773057.0,17863.0,6.0
2013-03-31,Anne Arundel,AA,,298050.0,280750.0,170.12,,1851.0,555.638,7.3,44773057.0,17300.0,5.8
2013-04-30,Anne Arundel,AA,,297522.0,281441.0,170.12,,1851.0,555.638,7.3,44773057.0,16081.0,5.4
2013-05-31,Anne Arundel,AA,,299314.0,282029.0,170.12,,1851.0,555.638,7.3,44773057.0,17285.0,5.8
2013-06-30,Anne Arundel,AA,,302066.0,283199.0,170.12,,1851.0,555.638,7.3,44773057.0,18867.0,6.2
2013-07-31,Anne Arundel,AA,,302248.0,284063.0,170.12,,1851.0,555.638,7.3,44773057.0,18185.0,6.0
2013-08-31,Anne Arundel,AA,,298900.0,281472.0,170.12,,1851.0,555.638,7.3,44773057.0,17428.0,5.8
2013-09-30,Anne Arundel,AA,,297576.0,281185.0,170.12,,1851.0,555.638,7.3,44773057.0,16391.0,5.5
2013-10-31,Anne Arundel,AA,,297374.0,280827.0,170.12,,1851.0,555.638,7.3,44773057.0,16547.0,5.6
2013-11-30,Anne Arundel,AA,,296837.0,281612.0,170.12,,1851.0,555.638,7.3,44773057.0,15225.0,5.1
2013-12-31,Anne Arundel,AA,,295552.0,281333.0,170.12,,1851.0,555.638,7.3,44773057.0,14219.0,4.8
2014-01-31,Anne Arundel,AA,,294898.0,279283.0,174.59,,2441.0,559.421,6.7,46112183.0,15615.0,5.3
2014-02-28,Anne Arundel,AA,,295699.0,279766.0,174.59,,2441.0,559.421,6.7,46112183.0,15933.0,5.4
2014-03-31,Anne Arundel,AA,,298306.0,282485.0,174.59,,2441.0,559.421,6.7,46112183.0,15821.0,5.3
2014-04-30,Anne Arundel,AA,,297912.0,284285.0,174.59,,2441.0,559.421,6.7,46112183.0,13627.0,4.6
2014-05-31,Anne Arundel,AA,,299425.0,284562.0,174.59,,2441.0,559.421,6.7,46112183.0,14863.0,5.0
2014-06-30,Anne Arundel,AA,,301931.0,286029.0,174.59,,2441.0,559.421,6.7,46112183.0,15902.0,5.3
2014-07-31,Anne Arundel,AA,,303503.0,287012.0,174.59,,2441.0,559.421,6.7,46112183.0,16491.0,5.4
2014-08-31,Anne Arundel,AA,,301083.0,285143.0,174.59,,2441.0,559.421,6.7,46112183.0,15940.0,5.3
2014-09-30,Anne Arundel,AA,,298784.0,284635.0,174.59,,2441.0,559.421,6.7,46112183.0,14149.0,4.7
2014-10-31,Anne Arundel,AA,,301242.0,287217.0,174.59,,2441.0,559.421,6.7,46112183.0,14025.0,4.7
2014-11-30,Anne Arundel,AA,,300515.0,286685.0,174.59,,2441.0,559.421,6.7,46112183.0,13830.0,4.6
2014-12-31,Anne Arundel,AA,,299546.0,286540.0,174.59,,2441.0,559.421,6.7,46112183.0,13006.0,4.3
2015-01-31,Anne Arundel,AA,,299549.0,284803.0,178.21,,2656.0,563.133,6.0,47215637.0,14746.0,4.9
2015-02-28,Anne Arundel,AA,,299730.0,285629.0,178.21,,2656.0,563.133,6.0,47215637.0,14101.0,4.7
2015-03-31,Anne Arundel,AA,,301903.0,288079.0,178.21,,2656.0,563.133,6.0,47215637.0,13824.0,4.6
2015-04-30,Anne Arundel,AA,,302433.0,289950.0,178.21,,2656.0,563.133,6.0,47215637.0,12483.0,4.1
2015-05-31,Anne Arundel,AA,,304752.0,291091.0,178.21,,2656.0,563.133,6.0,47215637.0,13661.0,4.5
2015-06-30,Anne Arundel,AA,,306136.0,291953.0,178.21,,2656.0,563.133,6.0,47215637.0,14183.0,4.6
2015-07-31,Anne Arundel,AA,,307548.0,293499.0,178.21,,2656.0,563.133,6.0,47215637.0,14049.0,4.6
2015-08-31,Anne Arundel,AA,,304912.0,291592.0,178.21,,2656.0,563.133,6.0,47215637.0,13320.0,4.4
2015-09-30,Anne Arundel,AA,,301663.0,289167.0,178.21,,2656.0,563.133,6.0,47215637.0,12496.0,4.1
2015-10-31,Anne Arundel,AA,,304717.0,291956.0,178.21,,2656.0,563.133,6.0,47215637.0,12761.0,4.2
2015-11-30,Anne Arundel,AA,,304019.0,292022.0,178.21,,2656.0,563.133,6.0,47215637.0,11997.0,3.9
2015-12-31,Anne Arundel,AA,,303532.0,292656.0,178.21,,2656.0,563.133,6.0,47215637.0,10876.0,3.6
2016-01-31,Anne Arundel,AA,,295188.0,283159.0,182.0,,2394.0,567.434,7.0,49025912.0,12029.0,4.1
2016-02-29,Anne Arundel,AA,,295731.0,283861.0,182.0,,2394.0,567.434,7.0,49025912.0,11870.0,4.0
2016-03-31,Anne Arundel,AA,,297568.0,285932.0,182.0,,2394.0,567.434,7.0,49025912.0,11636.0,3.9
2016-04-30,Anne Arundel,AA,,296106.0,285963.0,182.0,,2394.0,567.434,7.0,49025912.0,10143.0,3.4
2016-05-31,Anne Arundel,AA,,297638.0,287368.0,182.0,,2394.0,567.434,7.0,49025912.0,10270.0,3.5
2016-06-30,Anne Arundel,AA,,300405.0,288566.0,182.0,,2394.0,567.434,7.0,49025912.0,11839.0,3.9
2016-07-31,Anne Arundel,AA,2844.0,302160.0,290097.0,182.0,399000.0,2394.0,567.434,7.0,49025912.0,12063.0,4.0
2016-08-31,Anne Arundel,AA,2810.0,300525.0,288881.0,182.0,395348.0,2394.0,567.434,7.0,49025912.0,11644.0,3.9
2016-09-30,Anne Arundel,AA,2738.0,299318.0,288422.0,182.0,391872.0,2394.0,567.434,7.0,49025912.0,10896.0,3.6
2016-10-31,Anne Arundel,AA,2733.0,301229.0,289917.0,182.0,394950.0,2394.0,567.434,7.0,49025912.0,11312.0,3.8
2016-11-30,Anne Arundel,AA,2501.0,301072.0,290499.0,182.0,394929.0,2394.0,567.434,7.0,49025912.0,10573.0,3.5
2016-12-31,Anne Arundel,AA,2242.0,300231.0,290188.0,182.0,389900.0,2394.0,567.434,7.0,49025912.0,10043.0,3.3
2017-01-31,Anne Arundel,AA,2074.0,300422.0,288773.0,186.73,384900.0,2406.0,571.359,6.1,50214633.0,11649.0,3.9
2017-02-28,Anne Arundel,AA,2039.0,301117.0,289532.0,186.73,391423.0,2406.0,571.359,6.1,50214633.0,11585.0,3.8
2017-03-31,Anne Arundel,AA,2101.0,303212.0,292362.0,186.73,406249.0,2406.0,571.359,6.1,50214633.0,10850.0,3.6
2017-04-30,Anne Arundel,AA,2241.0,303899.0,293818.0,186.73,424900.0,2406.0,571.359,6.1,50214633.0,10081.0,3.3
2017-05-31,Anne Arundel,AA,2468.0,304827.0,294541.0,186.73,424900.0,2406.0,571.359,6.1,50214633.0,10286.0,3.4
2017-06-30,Anne Arundel,AA,2509.0,308474.0,296592.0,186.73,422450.0,2406.0,571.359,6.1,50214633.0,11882.0,3.9
2017-07-31,Anne Arundel,AA,2539.0,311016.0,299160.0,186.73,425000.0,2406.0,571.359,6.1,50214633.0,11856.0,3.8
2017-08-31,Anne Arundel,AA,2530.0,308370.0,296818.0,186.73,425000.0,2406.0,571.359,6.1,50214633.0,11552.0,3.7
2017-09-30,Anne Arundel,AA,2490.0,307995.0,297733.0,186.73,424900.0,2406.0,571.359,6.1,50214633.0,10262.0,3.3
2017-10-31,Anne Arundel,AA,2458.0,307293.0,296490.0,186.73,419450.0,2406.0,571.359,6.1,50214633.0,10803.0,3.5
2017-11-30,Anne Arundel,AA,2470.0,307149.0,296422.0,186.73,412450.0,2406.0,571.359,6.1,50214633.0,10727.0,3.5
2017-12-31,Anne Arundel,AA,2062.0,305296.0,295542.0,186.73,407095.0,2406.0,571.359,6.1,50214633.0,9754.0,3.2
2018-01-31,Anne Arundel,AA,1787.0,305351.0,293689.0,192.68,410000.0,2046.0,575.641,7.0,50232911.0,11662.0,3.8
2018-02-28,Anne Arundel,AA,1768.0,307116.0,295424.0,192.68,419745.0,2046.0,575.641,7.0,50232911.0,11692.0,3.8
2018-03-31,Anne Arundel,AA,1947.0,308786.0,297654.0,192.68,439700.0,2046.0,575.641,7.0,50232911.0,11132.0,3.6
2018-04-30,Anne Arundel,AA,2163.0,307591.0,298318.0,192.68,439942.0,2046.0,575.641,7.0,50232911.0,9273.0,3.0
2018-05-31,Anne Arundel,AA,2298.0,309560.0,299848.0,192.68,452500.0,2046.0,575.641,7.0,50232911.0,9712.0,3.1
2018-06-30,Anne Arundel,AA,2404.0,313407.0,301831.0,192.68,445518.0,2046.0,575.641,7.0,50232911.0,11576.0,3.7
2018-07-31,Anne Arundel,AA,2527.0,314919.0,303569.0,192.68,439225.0,2046.0,575.641,7.0,50232911.0,11350.0,3.6
2018-08-31,Anne Arundel,AA,2492.0,310943.0,300391.0,192.68,439945.0,2046.0,575.641,7.0,50232911.0,10552.0,3.4
2018-09-30,Anne Arundel,AA,2518.0,310138.0,300870.0,192.68,425000.0,2046.0,575.641,7.0,50232911.0,9268.0,3.0
2018-10-31,Anne Arundel,AA,2550.0,311835.0,302347.0,192.68,424997.0,2046.0,575.641,7.0,50232911.0,9488.0,3.0
2018-11-30,Anne Arundel,AA,2480.0,312166.0,303229.0,192.68,420000.0,2046.0,575.641,7.0,50232911.0,8937.0,2.9
2018-12-31,Anne Arundel,AA,2174.0,311673.0,302779.0,192.68,410000.0,2046.0,575.641,7.0,50232911.0,8894.0,2.9
2019-01-31,Anne Arundel,AA,1985.0,312918.0,301785.0,197.28,411445.0,2650.0,579.895,5.8,50225703.0,11133.0,3.6
2019-02-28,Anne Arundel,AA,1924.0,313910.0,303459.0,197.28,426700.0,2650.0,579.895,5.8,50225703.0,10451.0,3.3
2019-03-31,Anne Arundel,AA,2030.0,315488.0,305527.0,197.28,446530.0,2650.0,579.895,5.8,50225703.0,9961.0,3.2
2019-04-30,Anne Arundel,AA,2182.0,313835.0,305761.0,197.28,456275.0,2650.0,579.895,5.8,50225703.0,8074.0,2.6
2019-05-31,Anne Arundel,AA,2318.0,315926.0,307222.0,197.28,454123.0,2650.0,579.895,5.8,50225703.0,8704.0,2.8
2019-06-30,Anne Arundel,AA,2424.0,320831.0,310462.0,197.28,449900.0,2650.0,579.895,5.8,50225703.0,10369.0,3.2
2019-07-31,Anne Arundel,AA,2425.0,323135.0,312192.0,197.28,450000.0,2650.0,579.895,5.8,50225703.0,10943.0,3.4
2019-08-31,Anne Arundel,AA,2297.0,321045.0,310912.0,197.28,449927.0,2650.0,579.895,5.8,50225703.0,10133.0,3.2
2019-09-30,Anne Arundel,AA,2187.0,319454.0,310996.0,197.28,449968.0,2650.0,579.895,5.8,50225703.0,8458.0,2.6
2019-10-31,Anne Arundel,AA,2098.0,321739.0,312996.0,197.28,449995.0,2650.0,579.895,5.8,50225703.0,8743.0,2.7
2019-11-30,Anne Arundel,AA,1973.0,321613.0,313328.0,197.28,450000.0,2650.0,579.895,5.8,50225703.0,8285.0,2.6
2019-12-31,Anne Arundel,AA,1624.0,321113.0,313307.0,197.28,451245.0,2650.0,579.895,5.8,50225703.0,7806.0,2.4
2020-01-31,Anne Arundel,AA,1450.0,319803.0,310253.0,203.83,450000.0,1976.0,593.412,5.2,48721149.0,9550.0,3.0
2020-02-29,Anne Arundel,AA,1399.0,321306.0,311546.0,203.83,459900.0,1976.0,593.412,5.2,48721149.0,9760.0,3.0
2020-03-31,Anne Arundel,AA,1442.0,321264.0,309825.0,203.83,467025.0,1976.0,593.412,5.2,48721149.0,11439.0,3.6
2020-04-30,Anne Arundel,AA,1423.0,305114.0,278774.0,203.83,467840.0,1976.0,593.412,5.2,48721149.0,26340.0,8.6
2020-05-31,Anne Arundel,AA,1472.0,303755.0,277584.0,203.83,474450.0,1976.0,593.412,5.2,48721149.0,26171.0,8.6
2020-06-30,Anne Arundel,AA,1355.0,308114.0,285232.0,203.83,490995.0,1976.0,593.412,5.2,48721149.0,22882.0,7.4
2020-07-31,Anne Arundel,AA,1194.0,307545.0,285907.0,203.83,499450.0,1976.0,593.412,5.2,48721149.0,21638.0,7.0
2020-08-31,Anne Arundel,AA,1044.0,306013.0,287634.0,203.83,499000.0,1976.0,593.412,5.2,48721149.0,18379.0,6.0
2020-09-30,Anne Arundel,AA,994.0,304045.0,285955.0,203.83,494495.0,1976.0,593.412,5.2,48721149.0,18090.0,5.9
2020-10-31,Anne Arundel,AA,987.0,305944.0,289437.0,203.83,477000.0,1976.0,593.412,5.2,48721149.0,16507.0,5.4
2020-11-30,Anne Arundel,AA,931.0,304200.0,288255.0,203.83,472328.0,1976.0,593.412,5.2,48721149.0,15945.0,5.2
2020-12-31,Anne Arundel,AA,761.0,302958.0,286823.0,203.83,484495.0,1976.0,593.412,5.2,48721149.0,16135.0,5.3
2021-01-31,Anne Arundel,AA,645.0,301939.0,284889.0,221.6,484950.0,1745.0,596.354,6.2,51574224.0,17050.0,5.6
2021-02-28,Anne Arundel,AA,534.0,302329.0,285663.0,221.6,482945.0,1745.0,596.354,6.2,51574224.0,16666.0,5.5
2021-03-31,Anne Arundel,AA,557.0,304113.0,288498.0,221.6,474675.0,1745.0,596.354,6.2,51574224.0,15615.0,5.1
2021-04-30,Anne Arundel,AA,615.0,303067.0,289209.0,221.6,457695.0,1745.0,596.354,6.2,51574224.0,13858.0,4.6
2021-05-31,Anne Arundel,AA,725.0,303306.0,289459.0,221.6,475000.0,1745.0,596.354,6.2,51574224.0,13847.0,4.6
2021-06-30,Anne Arundel,AA,818.0,307569.0,291566.0,221.6,475280.0,1745.0,596.354,6.2,51574224.0,16003.0,5.2
2021-07-31,Anne Arundel,AA,901.0,308766.0,294684.0,221.6,460000.0,1745.0,596.354,6.2,51574224.0,14082.0,4.6
2021-08-31,Anne Arundel,AA,986.0,306225.0,292972.0,221.6,449900.0,1745.0,596.354,6.2,51574224.0,13253.0,4.3
2021-09-30,Anne Arundel,AA,940.0,303395.0,291751.0,221.6,459968.0,1745.0,596.354,6.2,51574224.0,11644.0,3.8
2021-10-31,Anne Arundel,AA,869.0,304660.0,293609.0,221.6,450000.0,1745.0,596.354,6.2,51574224.0,11051.0,3.6
2021-11-30,Anne Arundel,AA,735.0,305360.0,295321.0,221.6,446250.0,1745.0,596.354,6.2,51574224.0,10039.0,3.3
2021-12-31,Anne Arundel,AA,591.0,304753.0,296577.0,221.6,450000.0,1745.0,596.354,6.2,51574224.0,8176.0,2.7
2022-01-31,Anne Arundel,AA,459.0,305735.0,296096.0,244.48,475000.0,1825.0,598.751,6.4,52170062.0,9639.0,3.2
2022-02-28,Anne Arundel,AA,429.0,306976.0,297176.0,244.48,479233.0,1825.0,598.751,6.4,52170062.0,9800.0,3.2
2022-03-31,Anne Arundel,AA,459.0,308527.0,299661.0,244.48,498945.0,1825.0,598.751,6.4,52170062.0,8866.0,2.9
2022-04-30,Anne Arundel,AA,511.0,306877.0,299614.0,244.48,500608.0,1825.0,598.751,6.4,52170062.0,7263.0,2.4
2022-05-31,Anne Arundel,AA,673.0,307266.0,299613.0,244.48,499900.0,1825.0,598.751,6.4,52170062.0,7653.0,2.5
2022-06-30,Anne Arundel,AA,769.0,311189.0,301517.0,244.48,502988.0,1825.0,598.751,6.4,52170062.0,9672.0,3.1
2022-07-31,Anne Arundel,AA,894.0,312073.0,302894.0,244.48,499900.0,1825.0,598.751,6.4,52170062.0,9179.0,2.9
2022-08-31,Anne Arundel,AA,866.0,311283.0,302243.0,244.48,499945.0,1825.0,598.751,6.4,52170062.0,9040.0,2.9
2022-09-30,Anne Arundel,AA,813.0,308060.0,300704.0,244.48,499923.0,1825.0,598.751,6.4,52170062.0,7356.0,2.4
2022-10-31,Anne Arundel,AA,863.0,308979.0,301276.0,244.48,499900.0,1825.0,598.751,6.4,52170062.0,7703.0,2.5
2022-11-30,Anne Arundel,AA,820.0,307830.0,301110.0,244.48,500000.0,1825.0,598.751,6.4,52170062.0,6720.0,2.2
2022-12-31,Anne Arundel,AA,673.0,307726.0,302056.0,244.48,509990.0,1825.0,598.751,6.4,52170062.0,5670.0,1.8
2023-01-31,Anne Arundel,AA,548.0,307032.0,300352.0,261.0,525750.0,1069.0,599.965,6.3,52855578.0,6680.0,2.2
2023-02-28,Anne Arundel,AA,511.0,307898.0,301101.0,261.0,539997.0,1069.0,599.965,,,6797.0,2.2
2023-03-31,Anne Arundel,AA,487.0,310027.0,304356.0,261.0,562245.0,1069.0,599.965,,,5671.0,1.8
2023-04-30,Anne Arundel,AA,505.0,310607.0,306540.0,261.0,569990.0,1069.0,599.965,,,4067.0,1.3
2023-05-31,Anne Arundel,AA,566.0,310772.0,306076.0,261.0,577000.0,1069.0,599.965,,,4696.0,1.5
2023-06-30,Anne Arundel,AA,569.0,314561.0,308904.0,261.0,582219.0,1069.0,599.965,,,5657.0,1.8
2023-07-31,Anne Arundel,AA,610.0,317241.0,310940.0,261.0,575000.0,1069.0,599.965,,,6301.0,2.0
2023-08-31,Anne Arundel,AA,619.0,315275.0,308570.0,261.0,572385.0,1069.0,599.965,,,6705.0,2.1
2023-09-30,Anne Arundel,AA,637.0,312802.0,306451.0,261.0,575000.0,1069.0,599.965,,,6351.0,2.0
2023-10-31,Anne Arundel,AA,740.0,313826.0,306901.0,261.0,549950.0,1069.0,599.965,,,6925.0,2.2
2023-11-30,Anne Arundel,AA,740.0,315045.0,308657.0,261.0,529450.0,1069.0,599.965,,,6388.0,2.0
2023-12-31,Anne Arundel,AA,619.0,313396.0,306863.0,261.0,530000.0,1069.0,599.965,,,6533.0,2.1
2024-01-31,Anne Arundel,AA,504.0,314553.0,306767.0,275.88,529575.0,1304.0,602.35,,,7786.0,2.5
2024-02-29,Anne Arundel,AA,470.0,315371.0,306954.0,,533740.0,,,,,8417.0,2.7
2024-03-31,Anne Arundel,AA,482.0,317658.0,309570.0,,549950.0,,,,,8088.0,2.5
2024-04-30,Anne Arundel,AA,509.0,316529.0,309658.0,,582000.0,,,,,6871.0,2.2
2024-05-31,Anne Arundel,AA,584.0,315816.0,308499.0,,584000.0,,,,,7317.0,2.3
2024-06-30,Anne Arundel,AA,656.0,320178.0,310553.0,,573588.0,,,,,9625.0,3.0
2024-07-31,Anne Arundel,AA,697.0,323091.0,312794.0,,572225.0,,,,,10297.0,3.2
2024-08-31,Anne Arundel,AA,694.0,320452.0,310422.0,,565000.0,,,,,10030.0,3.1
2024-09-30,Anne Arundel,AA,743.0,317042.0,308858.0,,549425.0,,,,,8184.0,2.6
2024-10-31,Anne Arundel,AA,847.0,317635.0,308991.0,,535000.0,,,,,8644.0,2.7
2024-11-30,Anne Arundel,AA,811.0,316680.0,308189.0,,524999.0,,,,,8491.0,2.7
2024-12-31,Anne Arundel,AA,673.0,315873.0,308589.0,,525000.0,,,,,7284.0,2.3
2025-01-31,Anne Arundel,AA,619.0,315325.0,307360.0,,525000.0,,,,,7965.0,2.5
2025-02-28,Anne Arundel,AA,642.0,313567.0,304425.0,,545900.0,,,,,9142.0,2.9
2025-03-31,Anne Arundel,AA,765.0,314983.0,306152.0,,550000.0,,,,,8831.0,2.8
2025-04-30,Anne Arundel,AA,924.0,315626.0,307445.0,,564625.0,,,,,8181.0,2.6
2025-05-31,Anne Arundel,AA,1087.0,314487.0,305691.0,,564995.0,,,,,8796.0,2.8
2025-06-30,Anne Arundel,AA,1136.0,318863.0,308706.0,,572495.0,,,,,10157.0,3.2
2025-07-31,Anne Arundel,AA,1132.0,321152.0,310317.0,,575750.0,,,,,10835.0,3.4
2025-08-31,Anne Arundel,AA,1126.0,317709.0,305797.0,,559900.0,,,,,11912.0,3.7
2025-09-30,Anne Arundel,AA,1172.0,,,,545000.0,,,,,,
2025-10-31,Anne Arundel,AA,1185.0,,,,544450.0,,,,,,
