Date,County,County_Code,Civilian_Labor_Force,Employment_Count,HPI_AllTransactions,Permits_Annual,Population_Annual,Poverty_All_Ages,Real_GDP,Unemployed_Persons,Unemployment_Rate
1970-01-31,Caroline,CAR,,,,,19.781,,,,
1970-02-28,Caroline,CAR,,,,,19.781,,,,
1970-03-31,Caroline,CAR,,,,,19.781,,,,
1970-04-30,Caroline,CAR,,,,,19.781,,,,
1970-05-31,Caroline,CAR,,,,,19.781,,,,
1970-06-30,Caroline,CAR,,,,,19.781,,,,
1970-07-31,Caroline,CAR,,,,,19.781,,,,
1970-08-31,Caroline,CAR,,,,,19.781,,,,
1970-09-30,Caroline,CAR,,,,,19.781,,,,
1970-10-31,Caroline,CAR,,,,,19.781,,,,
1970-11-30,Caroline,CAR,,,,,19.781,,,,
1970-12-31,Caroline,CAR,,,,,19.781,,,,
1971-01-31,Caroline,CAR,,,,,20.5,,,,
1971-02-28,Caroline,CAR,,,,,20.5,,,,
1971-03-31,Caroline,CAR,,,,,20.5,,,,
1971-04-30,Caroline,CAR,,,,,20.5,,,,
1971-05-31,Caroline,CAR,,,,,20.5,,,,
1971-06-30,Caroline,CAR,,,,,20.5,,,,
1971-07-31,Caroline,CAR,,,,,20.5,,,,
1971-08-31,Caroline,CAR,,,,,20.5,,,,
1971-09-30,Caroline,CAR,,,,,20.5,,,,
1971-10-31,Caroline,CAR,,,,,20.5,,,,
1971-11-30,Caroline,CAR,,,,,20.5,,,,
1971-12-31,Caroline,CAR,,,,,20.5,,,,
1972-01-31,Caroline,CAR,,,,,20.6,,,,
1972-02-29,Caroline,CAR,,,,,20.6,,,,
1972-03-31,Caroline,CAR,,,,,20.6,,,,
1972-04-30,Caroline,CAR,,,,,20.6,,,,
1972-05-31,Caroline,CAR,,,,,20.6,,,,
1972-06-30,Caroline,CAR,,,,,20.6,,,,
1972-07-31,Caroline,CAR,,,,,20.6,,,,
1972-08-31,Caroline,CAR,,,,,20.6,,,,
1972-09-30,Caroline,CAR,,,,,20.6,,,,
1972-10-31,Caroline,CAR,,,,,20.6,,,,
1972-11-30,Caroline,CAR,,,,,20.6,,,,
1972-12-31,Caroline,CAR,,,,,20.6,,,,
1973-01-31,Caroline,CAR,,,,,20.8,,,,
1973-02-28,Caroline,CAR,,,,,20.8,,,,
1973-03-31,Caroline,CAR,,,,,20.8,,,,
1973-04-30,Caroline,CAR,,,,,20.8,,,,
1973-05-31,Caroline,CAR,,,,,20.8,,,,
1973-06-30,Caroline,CAR,,,,,20.8,,,,
1973-07-31,Caroline,CAR,,,,,20.8,,,,
1973-08-31,Caroline,CAR,,,,,20.8,,,,
1973-09-30,Caroline,CAR,,,,,20.8,,,,
1973-10-31,Caroline,CAR,,,,,20.8,,,,
1973-11-30,Caroline,CAR,,,,,20.8,,,,
1973-12-31,Caroline,CAR,,,,,20.8,,,,
1974-01-31,Caroline,CAR,,,,,21.4,,,,
1974-02-28,Caroline,CAR,,,,,21.4,,,,
1974-03-31,Caroline,CAR,,,,,21.4,,,,
1974-04-30,Caroline,CAR,,,,,21.4,,,,
1974-05-31,Caroline,CAR,,,,,21.4,,,,
1974-06-30,Caroline,CAR,,,,,21.4,,,,
1974-07-31,Caroline,CAR,,,,,21.4,,,,
1974-08-31,Caroline,CAR,,,,,21.4,,,,
1974-09-30,Caroline,CAR,,,,,21.4,,,,
1974-10-31,Caroline,CAR,,,,,21.4,,,,
1974-11-30,Caroline,CAR,,,,,21.4,,,,
1974-12-31,Caroline,CAR,,,,,21.4,,,,
1975-01-31,Caroline,CAR,,,,,21.9,,,,
1975-02-28,Caroline,CAR,,,,,21.9,,,,
1975-03-31,Caroline,CAR,,,,,21.9,,,,
1975-04-30,Caroline,CAR,,,,,21.9,,,,
1975-05-31,Caroline,CAR,,,,,21.9,,,,
1975-06-30,Caroline,CAR,,,,,21.9,,,,
1975-07-31,Caroline,CAR,,,,,21.9,,,,
1975-08-31,Caroline,CAR,,,,,21.9,,,,
1975-09-30,Caroline,CAR,,,,,21.9,,,,
1975-10-31,Caroline,CAR,,,,,21.9,,,,
1975-11-30,Caroline,CAR,,,,,21.9,,,,
1975-12-31,Caroline,CAR,,,,,21.9,,,,
1976-01-31,Caroline,CAR,,,,,22.4,,,,
1976-02-29,Caroline,CAR,,,,,22.4,,,,
1976-03-31,Caroline,CAR,,,,,22.4,,,,
1976-04-30,Caroline,CAR,,,,,22.4,,,,
1976-05-31,Caroline,CAR,,,,,22.4,,,,
1976-06-30,Caroline,CAR,,,,,22.4,,,,
1976-07-31,Caroline,CAR,,,,,22.4,,,,
1976-08-31,Caroline,CAR,,,,,22.4,,,,
1976-09-30,Caroline,CAR,,,,,22.4,,,,
1976-10-31,Caroline,CAR,,,,,22.4,,,,
1976-11-30,Caroline,CAR,,,,,22.4,,,,
1976-12-31,Caroline,CAR,,,,,22.4,,,,
1977-01-31,Caroline,CAR,,,,,22.6,,,,
1977-02-28,Caroline,CAR,,,,,22.6,,,,
1977-03-31,Caroline,CAR,,,,,22.6,,,,
1977-04-30,Caroline,CAR,,,,,22.6,,,,
1977-05-31,Caroline,CAR,,,,,22.6,,,,
1977-06-30,Caroline,CAR,,,,,22.6,,,,
1977-07-31,Caroline,CAR,,,,,22.6,,,,
1977-08-31,Caroline,CAR,,,,,22.6,,,,
1977-09-30,Caroline,CAR,,,,,22.6,,,,
1977-10-31,Caroline,CAR,,,,,22.6,,,,
1977-11-30,Caroline,CAR,,,,,22.6,,,,
1977-12-31,Caroline,CAR,,,,,22.6,,,,
1978-01-31,Caroline,CAR,,,,,23.1,,,,
1978-02-28,Caroline,CAR,,,,,23.1,,,,
1978-03-31,Caroline,CAR,,,,,23.1,,,,
1978-04-30,Caroline,CAR,,,,,23.1,,,,
1978-05-31,Caroline,CAR,,,,,23.1,,,,
1978-06-30,Caroline,CAR,,,,,23.1,,,,
1978-07-31,Caroline,CAR,,,,,23.1,,,,
1978-08-31,Caroline,CAR,,,,,23.1,,,,
1978-09-30,Caroline,CAR,,,,,23.1,,,,
1978-10-31,Caroline,CAR,,,,,23.1,,,,
1978-11-30,Caroline,CAR,,,,,23.1,,,,
1978-12-31,Caroline,CAR,,,,,23.1,,,,
1979-01-31,Caroline,CAR,,,,,23.1,,,,
1979-02-28,Caroline,CAR,,,,,23.1,,,,
1979-03-31,Caroline,CAR,,,,,23.1,,,,
1979-04-30,Caroline,CAR,,,,,23.1,,,,
1979-05-31,Caroline,CAR,,,,,23.1,,,,
1979-06-30,Caroline,CAR,,,,,23.1,,,,
1979-07-31,Caroline,CAR,,,,,23.1,,,,
1979-08-31,Caroline,CAR,,,,,23.1,,,,
1979-09-30,Caroline,CAR,,,,,23.1,,,,
1979-10-31,Caroline,CAR,,,,,23.1,,,,
1979-11-30,Caroline,CAR,,,,,23.1,,,,
1979-12-31,Caroline,CAR,,,,,23.1,,,,
1980-01-31,Caroline,CAR,,,,,23.143,,,,
1980-02-29,Caroline,CAR,,,,,23.143,,,,
1980-03-31,Caroline,CAR,,,,,23.143,,,,
1980-04-30,Caroline,CAR,,,,,23.143,,,,
1980-05-31,Caroline,CAR,,,,,23.143,,,,
1980-06-30,Caroline,CAR,,,,,23.143,,,,
1980-07-31,Caroline,CAR,,,,,23.143,,,,
1980-08-31,Caroline,CAR,,,,,23.143,,,,
1980-09-30,Caroline,CAR,,,,,23.143,,,,
1980-10-31,Caroline,CAR,,,,,23.143,,,,
1980-11-30,Caroline,CAR,,,,,23.143,,,,
1980-12-31,Caroline,CAR,,,,,23.143,,,,
1981-01-31,Caroline,CAR,,,,,23.407,,,,
1981-02-28,Caroline,CAR,,,,,23.407,,,,
1981-03-31,Caroline,CAR,,,,,23.407,,,,
1981-04-30,Caroline,CAR,,,,,23.407,,,,
1981-05-31,Caroline,CAR,,,,,23.407,,,,
1981-06-30,Caroline,CAR,,,,,23.407,,,,
1981-07-31,Caroline,CAR,,,,,23.407,,,,
1981-08-31,Caroline,CAR,,,,,23.407,,,,
1981-09-30,Caroline,CAR,,,,,23.407,,,,
1981-10-31,Caroline,CAR,,,,,23.407,,,,
1981-11-30,Caroline,CAR,,,,,23.407,,,,
1981-12-31,Caroline,CAR,,,,,23.407,,,,
1982-01-31,Caroline,CAR,,,,,23.615,,,,
1982-02-28,Caroline,CAR,,,,,23.615,,,,
1982-03-31,Caroline,CAR,,,,,23.615,,,,
1982-04-30,Caroline,CAR,,,,,23.615,,,,
1982-05-31,Caroline,CAR,,,,,23.615,,,,
1982-06-30,Caroline,CAR,,,,,23.615,,,,
1982-07-31,Caroline,CAR,,,,,23.615,,,,
1982-08-31,Caroline,CAR,,,,,23.615,,,,
1982-09-30,Caroline,CAR,,,,,23.615,,,,
1982-10-31,Caroline,CAR,,,,,23.615,,,,
1982-11-30,Caroline,CAR,,,,,23.615,,,,
1982-12-31,Caroline,CAR,,,,,23.615,,,,
1983-01-31,Caroline,CAR,,,,,23.775,,,,
1983-02-28,Caroline,CAR,,,,,23.775,,,,
1983-03-31,Caroline,CAR,,,,,23.775,,,,
1983-04-30,Caroline,CAR,,,,,23.775,,,,
1983-05-31,Caroline,CAR,,,,,23.775,,,,
1983-06-30,Caroline,CAR,,,,,23.775,,,,
1983-07-31,Caroline,CAR,,,,,23.775,,,,
1983-08-31,Caroline,CAR,,,,,23.775,,,,
1983-09-30,Caroline,CAR,,,,,23.775,,,,
1983-10-31,Caroline,CAR,,,,,23.775,,,,
1983-11-30,Caroline,CAR,,,,,23.775,,,,
1983-12-31,Caroline,CAR,,,,,23.775,,,,
1984-01-31,Caroline,CAR,,,,,24.107,,,,
1984-02-29,Caroline,CAR,,,,,24.107,,,,
1984-03-31,Caroline,CAR,,,,,24.107,,,,
1984-04-30,Caroline,CAR,,,,,24.107,,,,
1984-05-31,Caroline,CAR,,,,,24.107,,,,
1984-06-30,Caroline,CAR,,,,,24.107,,,,
1984-07-31,Caroline,CAR,,,,,24.107,,,,
1984-08-31,Caroline,CAR,,,,,24.107,,,,
1984-09-30,Caroline,CAR,,,,,24.107,,,,
1984-10-31,Caroline,CAR,,,,,24.107,,,,
1984-11-30,Caroline,CAR,,,,,24.107,,,,
1984-12-31,Caroline,CAR,,,,,24.107,,,,
1985-01-31,Caroline,CAR,,,,,24.441,,,,
1985-02-28,Caroline,CAR,,,,,24.441,,,,
1985-03-31,Caroline,CAR,,,,,24.441,,,,
1985-04-30,Caroline,CAR,,,,,24.441,,,,
1985-05-31,Caroline,CAR,,,,,24.441,,,,
1985-06-30,Caroline,CAR,,,,,24.441,,,,
1985-07-31,Caroline,CAR,,,,,24.441,,,,
1985-08-31,Caroline,CAR,,,,,24.441,,,,
1985-09-30,Caroline,CAR,,,,,24.441,,,,
1985-10-31,Caroline,CAR,,,,,24.441,,,,
1985-11-30,Caroline,CAR,,,,,24.441,,,,
1985-12-31,Caroline,CAR,,,,,24.441,,,,
1986-01-31,Caroline,CAR,,,,,24.707,,,,
1986-02-28,Caroline,CAR,,,,,24.707,,,,
1986-03-31,Caroline,CAR,,,,,24.707,,,,
1986-04-30,Caroline,CAR,,,,,24.707,,,,
1986-05-31,Caroline,CAR,,,,,24.707,,,,
1986-06-30,Caroline,CAR,,,,,24.707,,,,
1986-07-31,Caroline,CAR,,,,,24.707,,,,
1986-08-31,Caroline,CAR,,,,,24.707,,,,
1986-09-30,Caroline,CAR,,,,,24.707,,,,
1986-10-31,Caroline,CAR,,,,,24.707,,,,
1986-11-30,Caroline,CAR,,,,,24.707,,,,
1986-12-31,Caroline,CAR,,,,,24.707,,,,
1987-01-31,Caroline,CAR,,,,,25.241,,,,
1987-02-28,Caroline,CAR,,,,,25.241,,,,
1987-03-31,Caroline,CAR,,,,,25.241,,,,
1987-04-30,Caroline,CAR,,,,,25.241,,,,
1987-05-31,Caroline,CAR,,,,,25.241,,,,
1987-06-30,Caroline,CAR,,,,,25.241,,,,
1987-07-31,Caroline,CAR,,,,,25.241,,,,
1987-08-31,Caroline,CAR,,,,,25.241,,,,
1987-09-30,Caroline,CAR,,,,,25.241,,,,
1987-10-31,Caroline,CAR,,,,,25.241,,,,
1987-11-30,Caroline,CAR,,,,,25.241,,,,
1987-12-31,Caroline,CAR,,,,,25.241,,,,
1988-01-31,Caroline,CAR,,,,,25.997,,,,
1988-02-29,Caroline,CAR,,,,,25.997,,,,
1988-03-31,Caroline,CAR,,,,,25.997,,,,
1988-04-30,Caroline,CAR,,,,,25.997,,,,
1988-05-31,Caroline,CAR,,,,,25.997,,,,
1988-06-30,Caroline,CAR,,,,,25.997,,,,
1988-07-31,Caroline,CAR,,,,,25.997,,,,
1988-08-31,Caroline,CAR,,,,,25.997,,,,
1988-09-30,Caroline,CAR,,,,,25.997,,,,
1988-10-31,Caroline,CAR,,,,,25.997,,,,
1988-11-30,Caroline,CAR,,,,,25.997,,,,
1988-12-31,Caroline,CAR,,,,,25.997,,,,
1989-01-31,Caroline,CAR,,,,,26.664,11.1,,,
1989-02-28,Caroline,CAR,,,,,26.664,11.1,,,
1989-03-31,Caroline,CAR,,,,,26.664,11.1,,,
1989-04-30,Caroline,CAR,,,,,26.664,11.1,,,
1989-05-31,Caroline,CAR,,,,,26.664,11.1,,,
1989-06-30,Caroline,CAR,,,,,26.664,11.1,,,
1989-07-31,Caroline,CAR,,,,,26.664,11.1,,,
1989-08-31,Caroline,CAR,,,,,26.664,11.1,,,
1989-09-30,Caroline,CAR,,,,,26.664,11.1,,,
1989-10-31,Caroline,CAR,,,,,26.664,11.1,,,
1989-11-30,Caroline,CAR,,,,,26.664,11.1,,,
1989-12-31,Caroline,CAR,,,,,26.664,11.1,,,
1990-01-31,Caroline,CAR,13536.0,12806.0,,213.0,27.125,,,730.0,5.4
1990-02-28,Caroline,CAR,13527.0,12852.0,,213.0,27.125,,,675.0,5.0
1990-03-31,Caroline,CAR,13632.0,13086.0,,213.0,27.125,,,546.0,4.0
1990-04-30,Caroline,CAR,13722.0,13179.0,,213.0,27.125,,,543.0,4.0
1990-05-31,Caroline,CAR,13998.0,13473.0,,213.0,27.125,,,525.0,3.8
1990-06-30,Caroline,CAR,14125.0,13602.0,,213.0,27.125,,,523.0,3.7
1990-07-31,Caroline,CAR,14613.0,14081.0,,213.0,27.125,,,532.0,3.6
1990-08-31,Caroline,CAR,14329.0,13811.0,,213.0,27.125,,,518.0,3.6
1990-09-30,Caroline,CAR,14024.0,13523.0,,213.0,27.125,,,501.0,3.6
1990-10-31,Caroline,CAR,14020.0,13450.0,,213.0,27.125,,,570.0,4.1
1990-11-30,Caroline,CAR,13867.0,13135.0,,213.0,27.125,,,732.0,5.3
1990-12-31,Caroline,CAR,13791.0,13045.0,,213.0,27.125,,,746.0,5.4
1991-01-31,Caroline,CAR,13864.0,12626.0,79.04,201.0,27.376,,,1238.0,8.9
1991-02-28,Caroline,CAR,13741.0,12502.0,79.04,201.0,27.376,,,1239.0,9.0
1991-03-31,Caroline,CAR,13938.0,12802.0,79.04,201.0,27.376,,,1136.0,8.2
1991-04-30,Caroline,CAR,14103.0,13136.0,79.04,201.0,27.376,,,967.0,6.9
1991-05-31,Caroline,CAR,14111.0,13187.0,79.04,201.0,27.376,,,924.0,6.5
1991-06-30,Caroline,CAR,14506.0,13342.0,79.04,201.0,27.376,,,1164.0,8.0
1991-07-31,Caroline,CAR,14626.0,13780.0,79.04,201.0,27.376,,,846.0,5.8
1991-08-31,Caroline,CAR,14476.0,13704.0,79.04,201.0,27.376,,,772.0,5.3
1991-09-30,Caroline,CAR,14082.0,13340.0,79.04,201.0,27.376,,,742.0,5.3
1991-10-31,Caroline,CAR,14096.0,13249.0,79.04,201.0,27.376,,,847.0,6.0
1991-11-30,Caroline,CAR,13985.0,13111.0,79.04,201.0,27.376,,,874.0,6.2
1991-12-31,Caroline,CAR,13768.0,12859.0,79.04,201.0,27.376,,,909.0,6.6
1992-01-31,Caroline,CAR,14471.0,13034.0,77.34,262.0,27.876,,,1437.0,9.9
1992-02-29,Caroline,CAR,14418.0,12886.0,77.34,262.0,27.876,,,1532.0,10.6
1992-03-31,Caroline,CAR,14951.0,13505.0,77.34,262.0,27.876,,,1446.0,9.7
1992-04-30,Caroline,CAR,14727.0,13488.0,77.34,262.0,27.876,,,1239.0,8.4
1992-05-31,Caroline,CAR,14766.0,13625.0,77.34,262.0,27.876,,,1141.0,7.7
1992-06-30,Caroline,CAR,15171.0,13931.0,77.34,262.0,27.876,,,1240.0,8.2
1992-07-31,Caroline,CAR,15725.0,14546.0,77.34,262.0,27.876,,,1179.0,7.5
1992-08-31,Caroline,CAR,15606.0,14398.0,77.34,262.0,27.876,,,1208.0,7.7
1992-09-30,Caroline,CAR,15010.0,13953.0,77.34,262.0,27.876,,,1057.0,7.0
1992-10-31,Caroline,CAR,14717.0,13747.0,77.34,262.0,27.876,,,970.0,6.6
1992-11-30,Caroline,CAR,14536.0,13548.0,77.34,262.0,27.876,,,988.0,6.8
1992-12-31,Caroline,CAR,14176.0,13209.0,77.34,262.0,27.876,,,967.0,6.8
1993-01-31,Caroline,CAR,14411.0,13041.0,82.23,217.0,28.221,11.6,,1370.0,9.5
1993-02-28,Caroline,CAR,14687.0,13097.0,82.23,217.0,28.221,11.6,,1590.0,10.8
1993-03-31,Caroline,CAR,14935.0,13490.0,82.23,217.0,28.221,11.6,,1445.0,9.7
1993-04-30,Caroline,CAR,15050.0,13758.0,82.23,217.0,28.221,11.6,,1292.0,8.6
1993-05-31,Caroline,CAR,15192.0,13953.0,82.23,217.0,28.221,11.6,,1239.0,8.2
1993-06-30,Caroline,CAR,16069.0,14827.0,82.23,217.0,28.221,11.6,,1242.0,7.7
1993-07-31,Caroline,CAR,15798.0,14759.0,82.23,217.0,28.221,11.6,,1039.0,6.6
1993-08-31,Caroline,CAR,15567.0,14553.0,82.23,217.0,28.221,11.6,,1014.0,6.5
1993-09-30,Caroline,CAR,15171.0,14223.0,82.23,217.0,28.221,11.6,,948.0,6.2
1993-10-31,Caroline,CAR,15129.0,14156.0,82.23,217.0,28.221,11.6,,973.0,6.4
1993-11-30,Caroline,CAR,15076.0,14117.0,82.23,217.0,28.221,11.6,,959.0,6.4
1993-12-31,Caroline,CAR,14860.0,14075.0,82.23,217.0,28.221,11.6,,785.0,5.3
1994-01-31,Caroline,CAR,14413.0,13362.0,84.27,166.0,28.645,,,1051.0,7.3
1994-02-28,Caroline,CAR,14512.0,13366.0,84.27,166.0,28.645,,,1146.0,7.9
1994-03-31,Caroline,CAR,15144.0,14064.0,84.27,166.0,28.645,,,1080.0,7.1
1994-04-30,Caroline,CAR,14791.0,13892.0,84.27,166.0,28.645,,,899.0,6.1
1994-05-31,Caroline,CAR,15000.0,14191.0,84.27,166.0,28.645,,,809.0,5.4
1994-06-30,Caroline,CAR,15214.0,14478.0,84.27,166.0,28.645,,,736.0,4.8
1994-07-31,Caroline,CAR,15710.0,15043.0,84.27,166.0,28.645,,,667.0,4.2
1994-08-31,Caroline,CAR,15540.0,14987.0,84.27,166.0,28.645,,,553.0,3.6
1994-09-30,Caroline,CAR,15155.0,14689.0,84.27,166.0,28.645,,,466.0,3.1
1994-10-31,Caroline,CAR,14994.0,14504.0,84.27,166.0,28.645,,,490.0,3.3
1994-11-30,Caroline,CAR,15096.0,14597.0,84.27,166.0,28.645,,,499.0,3.3
1994-12-31,Caroline,CAR,14965.0,14421.0,84.27,166.0,28.645,,,544.0,3.6
1995-01-31,Caroline,CAR,14951.0,14051.0,82.16,147.0,28.947,11.8,,900.0,6.0
1995-02-28,Caroline,CAR,15076.0,14013.0,82.16,147.0,28.947,11.8,,1063.0,7.1
1995-03-31,Caroline,CAR,15572.0,14568.0,82.16,147.0,28.947,11.8,,1004.0,6.4
1995-04-30,Caroline,CAR,15230.0,14355.0,82.16,147.0,28.947,11.8,,875.0,5.7
1995-05-31,Caroline,CAR,15211.0,14332.0,82.16,147.0,28.947,11.8,,879.0,5.8
1995-06-30,Caroline,CAR,15418.0,14711.0,82.16,147.0,28.947,11.8,,707.0,4.6
1995-07-31,Caroline,CAR,16380.0,15392.0,82.16,147.0,28.947,11.8,,988.0,6.0
1995-08-31,Caroline,CAR,16192.0,15444.0,82.16,147.0,28.947,11.8,,748.0,4.6
1995-09-30,Caroline,CAR,15676.0,14930.0,82.16,147.0,28.947,11.8,,746.0,4.8
1995-10-31,Caroline,CAR,15421.0,14833.0,82.16,147.0,28.947,11.8,,588.0,3.8
1995-11-30,Caroline,CAR,15526.0,14834.0,82.16,147.0,28.947,11.8,,692.0,4.5
1995-12-31,Caroline,CAR,15194.0,14446.0,82.16,147.0,28.947,11.8,,748.0,4.9
1996-01-31,Caroline,CAR,15438.0,14107.0,86.97,173.0,29.172,,,1331.0,8.6
1996-02-29,Caroline,CAR,15006.0,13835.0,86.97,173.0,29.172,,,1171.0,7.8
1996-03-31,Caroline,CAR,15315.0,14085.0,86.97,173.0,29.172,,,1230.0,8.0
1996-04-30,Caroline,CAR,15144.0,14156.0,86.97,173.0,29.172,,,988.0,6.5
1996-05-31,Caroline,CAR,15657.0,14668.0,86.97,173.0,29.172,,,989.0,6.3
1996-06-30,Caroline,CAR,16010.0,15111.0,86.97,173.0,29.172,,,899.0,5.6
1996-07-31,Caroline,CAR,16626.0,15660.0,86.97,173.0,29.172,,,966.0,5.8
1996-08-31,Caroline,CAR,16423.0,15678.0,86.97,173.0,29.172,,,745.0,4.5
1996-09-30,Caroline,CAR,16130.0,15471.0,86.97,173.0,29.172,,,659.0,4.1
1996-10-31,Caroline,CAR,16118.0,15453.0,86.97,173.0,29.172,,,665.0,4.1
1996-11-30,Caroline,CAR,15947.0,15211.0,86.97,173.0,29.172,,,736.0,4.6
1996-12-31,Caroline,CAR,15700.0,14907.0,86.97,173.0,29.172,,,793.0,5.1
1997-01-31,Caroline,CAR,15737.0,14642.0,89.02,167.0,29.552,12.8,,1095.0,7.0
1997-02-28,Caroline,CAR,15587.0,14438.0,89.02,167.0,29.552,12.8,,1149.0,7.4
1997-03-31,Caroline,CAR,15855.0,14869.0,89.02,167.0,29.552,12.8,,986.0,6.2
1997-04-30,Caroline,CAR,16028.0,15151.0,89.02,167.0,29.552,12.8,,877.0,5.5
1997-05-31,Caroline,CAR,16320.0,15486.0,89.02,167.0,29.552,12.8,,834.0,5.1
1997-06-30,Caroline,CAR,16255.0,15553.0,89.02,167.0,29.552,12.8,,702.0,4.3
1997-07-31,Caroline,CAR,16695.0,15896.0,89.02,167.0,29.552,12.8,,799.0,4.8
1997-08-31,Caroline,CAR,16343.0,15720.0,89.02,167.0,29.552,12.8,,623.0,3.8
1997-09-30,Caroline,CAR,16002.0,15384.0,89.02,167.0,29.552,12.8,,618.0,3.9
1997-10-31,Caroline,CAR,16178.0,15519.0,89.02,167.0,29.552,12.8,,659.0,4.1
1997-11-30,Caroline,CAR,15880.0,15258.0,89.02,167.0,29.552,12.8,,622.0,3.9
1997-12-31,Caroline,CAR,15683.0,15037.0,89.02,167.0,29.552,12.8,,646.0,4.1
1998-01-31,Caroline,CAR,15893.0,14887.0,92.95,177.0,29.576,12.0,,1006.0,6.3
1998-02-28,Caroline,CAR,15765.0,14948.0,92.95,177.0,29.576,12.0,,817.0,5.2
1998-03-31,Caroline,CAR,15997.0,15160.0,92.95,177.0,29.576,12.0,,837.0,5.2
1998-04-30,Caroline,CAR,15835.0,15304.0,92.95,177.0,29.576,12.0,,531.0,3.4
1998-05-31,Caroline,CAR,16170.0,15545.0,92.95,177.0,29.576,12.0,,625.0,3.9
1998-06-30,Caroline,CAR,16217.0,15594.0,92.95,177.0,29.576,12.0,,623.0,3.8
1998-07-31,Caroline,CAR,16767.0,16171.0,92.95,177.0,29.576,12.0,,596.0,3.6
1998-08-31,Caroline,CAR,16346.0,15738.0,92.95,177.0,29.576,12.0,,608.0,3.7
1998-09-30,Caroline,CAR,16246.0,15619.0,92.95,177.0,29.576,12.0,,627.0,3.9
1998-10-31,Caroline,CAR,16138.0,15565.0,92.95,177.0,29.576,12.0,,573.0,3.6
1998-11-30,Caroline,CAR,16120.0,15563.0,92.95,177.0,29.576,12.0,,557.0,3.5
1998-12-31,Caroline,CAR,15807.0,15302.0,92.95,177.0,29.576,12.0,,505.0,3.2
1999-01-31,Caroline,CAR,15828.0,15132.0,95.47,199.0,29.61,10.2,,696.0,4.4
1999-02-28,Caroline,CAR,15957.0,15182.0,95.47,199.0,29.61,10.2,,775.0,4.9
1999-03-31,Caroline,CAR,15920.0,15282.0,95.47,199.0,29.61,10.2,,638.0,4.0
1999-04-30,Caroline,CAR,15913.0,15488.0,95.47,199.0,29.61,10.2,,425.0,2.7
1999-05-31,Caroline,CAR,15831.0,15381.0,95.47,199.0,29.61,10.2,,450.0,2.8
1999-06-30,Caroline,CAR,16296.0,15812.0,95.47,199.0,29.61,10.2,,484.0,3.0
1999-07-31,Caroline,CAR,16293.0,15813.0,95.47,199.0,29.61,10.2,,480.0,2.9
1999-08-31,Caroline,CAR,16087.0,15617.0,95.47,199.0,29.61,10.2,,470.0,2.9
1999-09-30,Caroline,CAR,15631.0,15228.0,95.47,199.0,29.61,10.2,,403.0,2.6
1999-10-31,Caroline,CAR,15592.0,15182.0,95.47,199.0,29.61,10.2,,410.0,2.6
1999-11-30,Caroline,CAR,15620.0,15163.0,95.47,199.0,29.61,10.2,,457.0,2.9
1999-12-31,Caroline,CAR,15441.0,15058.0,95.47,199.0,29.61,10.2,,383.0,2.5
2000-01-31,Caroline,CAR,15463.0,14892.0,100.0,154.0,29.79,10.4,,571.0,3.7
2000-02-29,Caroline,CAR,15444.0,14758.0,100.0,154.0,29.79,10.4,,686.0,4.4
2000-03-31,Caroline,CAR,15311.0,14708.0,100.0,154.0,29.79,10.4,,603.0,3.9
2000-04-30,Caroline,CAR,15313.0,14788.0,100.0,154.0,29.79,10.4,,525.0,3.4
2000-05-31,Caroline,CAR,15163.0,14602.0,100.0,154.0,29.79,10.4,,561.0,3.7
2000-06-30,Caroline,CAR,15594.0,15020.0,100.0,154.0,29.79,10.4,,574.0,3.7
2000-07-31,Caroline,CAR,15757.0,15186.0,100.0,154.0,29.79,10.4,,571.0,3.6
2000-08-31,Caroline,CAR,15335.0,14762.0,100.0,154.0,29.79,10.4,,573.0,3.7
2000-09-30,Caroline,CAR,15163.0,14666.0,100.0,154.0,29.79,10.4,,497.0,3.3
2000-10-31,Caroline,CAR,15165.0,14678.0,100.0,154.0,29.79,10.4,,487.0,3.2
2000-11-30,Caroline,CAR,15295.0,14783.0,100.0,154.0,29.79,10.4,,512.0,3.3
2000-12-31,Caroline,CAR,15361.0,14866.0,100.0,154.0,29.79,10.4,,495.0,3.2
2001-01-31,Caroline,CAR,15508.0,14737.0,105.41,176.0,29.866,10.0,766703.0,771.0,5.0
2001-02-28,Caroline,CAR,15517.0,14691.0,105.41,176.0,29.866,10.0,766703.0,826.0,5.3
2001-03-31,Caroline,CAR,15404.0,14593.0,105.41,176.0,29.866,10.0,766703.0,811.0,5.3
2001-04-30,Caroline,CAR,15341.0,14651.0,105.41,176.0,29.866,10.0,766703.0,690.0,4.5
2001-05-31,Caroline,CAR,15266.0,14600.0,105.41,176.0,29.866,10.0,766703.0,666.0,4.4
2001-06-30,Caroline,CAR,15599.0,14846.0,105.41,176.0,29.866,10.0,766703.0,753.0,4.8
2001-07-31,Caroline,CAR,15732.0,15007.0,105.41,176.0,29.866,10.0,766703.0,725.0,4.6
2001-08-31,Caroline,CAR,15584.0,14873.0,105.41,176.0,29.866,10.0,766703.0,711.0,4.6
2001-09-30,Caroline,CAR,15601.0,14938.0,105.41,176.0,29.866,10.0,766703.0,663.0,4.2
2001-10-31,Caroline,CAR,15783.0,15044.0,105.41,176.0,29.866,10.0,766703.0,739.0,4.7
2001-11-30,Caroline,CAR,15511.0,14754.0,105.41,176.0,29.866,10.0,766703.0,757.0,4.9
2001-12-31,Caroline,CAR,15593.0,14860.0,105.41,176.0,29.866,10.0,766703.0,733.0,4.7
2002-01-31,Caroline,CAR,15783.0,14897.0,114.86,174.0,30.14,10.4,774406.0,886.0,5.6
2002-02-28,Caroline,CAR,15831.0,14965.0,114.86,174.0,30.14,10.4,774406.0,866.0,5.5
2002-03-31,Caroline,CAR,15954.0,15156.0,114.86,174.0,30.14,10.4,774406.0,798.0,5.0
2002-04-30,Caroline,CAR,15733.0,15025.0,114.86,174.0,30.14,10.4,774406.0,708.0,4.5
2002-05-31,Caroline,CAR,15648.0,14961.0,114.86,174.0,30.14,10.4,774406.0,687.0,4.4
2002-06-30,Caroline,CAR,15948.0,15177.0,114.86,174.0,30.14,10.4,774406.0,771.0,4.8
2002-07-31,Caroline,CAR,16106.0,15393.0,114.86,174.0,30.14,10.4,774406.0,713.0,4.4
2002-08-31,Caroline,CAR,15772.0,15082.0,114.86,174.0,30.14,10.4,774406.0,690.0,4.4
2002-09-30,Caroline,CAR,15870.0,15264.0,114.86,174.0,30.14,10.4,774406.0,606.0,3.8
2002-10-31,Caroline,CAR,16084.0,15474.0,114.86,174.0,30.14,10.4,774406.0,610.0,3.8
2002-11-30,Caroline,CAR,15954.0,15238.0,114.86,174.0,30.14,10.4,774406.0,716.0,4.5
2002-12-31,Caroline,CAR,15836.0,15118.0,114.86,174.0,30.14,10.4,774406.0,718.0,4.5
2003-01-31,Caroline,CAR,15602.0,14749.0,122.73,260.0,30.672,10.6,854833.0,853.0,5.5
2003-02-28,Caroline,CAR,15280.0,14395.0,122.73,260.0,30.672,10.6,854833.0,885.0,5.8
2003-03-31,Caroline,CAR,15275.0,14428.0,122.73,260.0,30.672,10.6,854833.0,847.0,5.5
2003-04-30,Caroline,CAR,15305.0,14556.0,122.73,260.0,30.672,10.6,854833.0,749.0,4.9
2003-05-31,Caroline,CAR,15334.0,14598.0,122.73,260.0,30.672,10.6,854833.0,736.0,4.8
2003-06-30,Caroline,CAR,15788.0,14911.0,122.73,260.0,30.672,10.6,854833.0,877.0,5.6
2003-07-31,Caroline,CAR,16136.0,15329.0,122.73,260.0,30.672,10.6,854833.0,807.0,5.0
2003-08-31,Caroline,CAR,15808.0,15010.0,122.73,260.0,30.672,10.6,854833.0,798.0,5.0
2003-09-30,Caroline,CAR,15482.0,14696.0,122.73,260.0,30.672,10.6,854833.0,786.0,5.1
2003-10-31,Caroline,CAR,15545.0,14774.0,122.73,260.0,30.672,10.6,854833.0,771.0,5.0
2003-11-30,Caroline,CAR,15860.0,15034.0,122.73,260.0,30.672,10.6,854833.0,826.0,5.2
2003-12-31,Caroline,CAR,15868.0,15091.0,122.73,260.0,30.672,10.6,854833.0,777.0,4.9
2004-01-31,Caroline,CAR,15854.0,14909.0,144.38,316.0,30.795,10.5,905195.0,945.0,6.0
2004-02-29,Caroline,CAR,15648.0,14728.0,144.38,316.0,30.795,10.5,905195.0,920.0,5.9
2004-03-31,Caroline,CAR,15831.0,14978.0,144.38,316.0,30.795,10.5,905195.0,853.0,5.4
2004-04-30,Caroline,CAR,15723.0,14972.0,144.38,316.0,30.795,10.5,905195.0,751.0,4.8
2004-05-31,Caroline,CAR,15969.0,15228.0,144.38,316.0,30.795,10.5,905195.0,741.0,4.6
2004-06-30,Caroline,CAR,16274.0,15480.0,144.38,316.0,30.795,10.5,905195.0,794.0,4.9
2004-07-31,Caroline,CAR,16429.0,15677.0,144.38,316.0,30.795,10.5,905195.0,752.0,4.6
2004-08-31,Caroline,CAR,16486.0,15797.0,144.38,316.0,30.795,10.5,905195.0,689.0,4.2
2004-09-30,Caroline,CAR,15895.0,15265.0,144.38,316.0,30.795,10.5,905195.0,630.0,4.0
2004-10-31,Caroline,CAR,16053.0,15372.0,144.38,316.0,30.795,10.5,905195.0,681.0,4.2
2004-11-30,Caroline,CAR,15952.0,15250.0,144.38,316.0,30.795,10.5,905195.0,702.0,4.4
2004-12-31,Caroline,CAR,15632.0,14939.0,144.38,316.0,30.795,10.5,905195.0,693.0,4.4
2005-01-31,Caroline,CAR,15797.0,14976.0,175.62,362.0,31.584,11.3,955258.0,821.0,5.2
2005-02-28,Caroline,CAR,15791.0,14918.0,175.62,362.0,31.584,11.3,955258.0,873.0,5.5
2005-03-31,Caroline,CAR,16175.0,15366.0,175.62,362.0,31.584,11.3,955258.0,809.0,5.0
2005-04-30,Caroline,CAR,16241.0,15538.0,175.62,362.0,31.584,11.3,955258.0,703.0,4.3
2005-05-31,Caroline,CAR,16386.0,15709.0,175.62,362.0,31.584,11.3,955258.0,677.0,4.1
2005-06-30,Caroline,CAR,16653.0,15893.0,175.62,362.0,31.584,11.3,955258.0,760.0,4.6
2005-07-31,Caroline,CAR,16562.0,15837.0,175.62,362.0,31.584,11.3,955258.0,725.0,4.4
2005-08-31,Caroline,CAR,16864.0,16178.0,175.62,362.0,31.584,11.3,955258.0,686.0,4.1
2005-09-30,Caroline,CAR,16330.0,15694.0,175.62,362.0,31.584,11.3,955258.0,636.0,3.9
2005-10-31,Caroline,CAR,16463.0,15842.0,175.62,362.0,31.584,11.3,955258.0,621.0,3.8
2005-11-30,Caroline,CAR,16167.0,15493.0,175.62,362.0,31.584,11.3,955258.0,674.0,4.2
2005-12-31,Caroline,CAR,15815.0,15188.0,175.62,362.0,31.584,11.3,955258.0,627.0,4.0
2006-01-31,Caroline,CAR,16006.0,15258.0,197.46,194.0,32.416,11.0,961629.0,748.0,4.7
2006-02-28,Caroline,CAR,15974.0,15185.0,197.46,194.0,32.416,11.0,961629.0,789.0,4.9
2006-03-31,Caroline,CAR,16065.0,15354.0,197.46,194.0,32.416,11.0,961629.0,711.0,4.4
2006-04-30,Caroline,CAR,16144.0,15479.0,197.46,194.0,32.416,11.0,961629.0,665.0,4.1
2006-05-31,Caroline,CAR,16259.0,15582.0,197.46,194.0,32.416,11.0,961629.0,677.0,4.2
2006-06-30,Caroline,CAR,16505.0,15736.0,197.46,194.0,32.416,11.0,961629.0,769.0,4.7
2006-07-31,Caroline,CAR,16644.0,15870.0,197.46,194.0,32.416,11.0,961629.0,774.0,4.7
2006-08-31,Caroline,CAR,16463.0,15750.0,197.46,194.0,32.416,11.0,961629.0,713.0,4.3
2006-09-30,Caroline,CAR,16133.0,15481.0,197.46,194.0,32.416,11.0,961629.0,652.0,4.0
2006-10-31,Caroline,CAR,16319.0,15671.0,197.46,194.0,32.416,11.0,961629.0,648.0,4.0
2006-11-30,Caroline,CAR,16303.0,15625.0,197.46,194.0,32.416,11.0,961629.0,678.0,4.2
2006-12-31,Caroline,CAR,16341.0,15690.0,197.46,194.0,32.416,11.0,961629.0,651.0,4.0
2007-01-31,Caroline,CAR,16358.0,15513.0,200.18,91.0,32.979,11.7,944260.0,845.0,5.2
2007-02-28,Caroline,CAR,16158.0,15337.0,200.18,91.0,32.979,11.7,944260.0,821.0,5.1
2007-03-31,Caroline,CAR,16448.0,15732.0,200.18,91.0,32.979,11.7,944260.0,716.0,4.4
2007-04-30,Caroline,CAR,16342.0,15715.0,200.18,91.0,32.979,11.7,944260.0,627.0,3.8
2007-05-31,Caroline,CAR,16593.0,15967.0,200.18,91.0,32.979,11.7,944260.0,626.0,3.8
2007-06-30,Caroline,CAR,16781.0,16081.0,200.18,91.0,32.979,11.7,944260.0,700.0,4.2
2007-07-31,Caroline,CAR,16985.0,16289.0,200.18,91.0,32.979,11.7,944260.0,696.0,4.1
2007-08-31,Caroline,CAR,16402.0,15765.0,200.18,91.0,32.979,11.7,944260.0,637.0,3.9
2007-09-30,Caroline,CAR,16301.0,15701.0,200.18,91.0,32.979,11.7,944260.0,600.0,3.7
2007-10-31,Caroline,CAR,16312.0,15692.0,200.18,91.0,32.979,11.7,944260.0,620.0,3.8
2007-11-30,Caroline,CAR,16279.0,15668.0,200.18,91.0,32.979,11.7,944260.0,611.0,3.8
2007-12-31,Caroline,CAR,16200.0,15570.0,200.18,91.0,32.979,11.7,944260.0,630.0,3.9
2008-01-31,Caroline,CAR,16199.0,15399.0,196.01,91.0,33.295,10.8,973707.0,800.0,4.9
2008-02-29,Caroline,CAR,16446.0,15616.0,196.01,91.0,33.295,10.8,973707.0,830.0,5.0
2008-03-31,Caroline,CAR,16495.0,15683.0,196.01,91.0,33.295,10.8,973707.0,812.0,4.9
2008-04-30,Caroline,CAR,16579.0,15861.0,196.01,91.0,33.295,10.8,973707.0,718.0,4.3
2008-05-31,Caroline,CAR,16888.0,16100.0,196.01,91.0,33.295,10.8,973707.0,788.0,4.7
2008-06-30,Caroline,CAR,17341.0,16460.0,196.01,91.0,33.295,10.8,973707.0,881.0,5.1
2008-07-31,Caroline,CAR,17513.0,16588.0,196.01,91.0,33.295,10.8,973707.0,925.0,5.3
2008-08-31,Caroline,CAR,17060.0,16131.0,196.01,91.0,33.295,10.8,973707.0,929.0,5.4
2008-09-30,Caroline,CAR,16847.0,15909.0,196.01,91.0,33.295,10.8,973707.0,938.0,5.6
2008-10-31,Caroline,CAR,16745.0,15744.0,196.01,91.0,33.295,10.8,973707.0,1001.0,6.0
2008-11-30,Caroline,CAR,16614.0,15533.0,196.01,91.0,33.295,10.8,973707.0,1081.0,6.5
2008-12-31,Caroline,CAR,16541.0,15336.0,196.01,91.0,33.295,10.8,973707.0,1205.0,7.3
2009-01-31,Caroline,CAR,16476.0,14977.0,173.72,44.0,33.375,13.2,972280.0,1499.0,9.1
2009-02-28,Caroline,CAR,16546.0,14954.0,173.72,44.0,33.375,13.2,972280.0,1592.0,9.6
2009-03-31,Caroline,CAR,16668.0,15081.0,173.72,44.0,33.375,13.2,972280.0,1587.0,9.5
2009-04-30,Caroline,CAR,16536.0,15175.0,173.72,44.0,33.375,13.2,972280.0,1361.0,8.2
2009-05-31,Caroline,CAR,16765.0,15330.0,173.72,44.0,33.375,13.2,972280.0,1435.0,8.6
2009-06-30,Caroline,CAR,17127.0,15613.0,173.72,44.0,33.375,13.2,972280.0,1514.0,8.8
2009-07-31,Caroline,CAR,17166.0,15670.0,173.72,44.0,33.375,13.2,972280.0,1496.0,8.7
2009-08-31,Caroline,CAR,16834.0,15354.0,173.72,44.0,33.375,13.2,972280.0,1480.0,8.8
2009-09-30,Caroline,CAR,16702.0,15192.0,173.72,44.0,33.375,13.2,972280.0,1510.0,9.0
2009-10-31,Caroline,CAR,16486.0,14927.0,173.72,44.0,33.375,13.2,972280.0,1559.0,9.5
2009-11-30,Caroline,CAR,16372.0,14769.0,173.72,44.0,33.375,13.2,972280.0,1603.0,9.8
2009-12-31,Caroline,CAR,16284.0,14613.0,173.72,44.0,33.375,13.2,972280.0,1671.0,10.3
2010-01-31,Caroline,CAR,17375.0,15510.0,153.5,67.0,33.054,13.0,953846.0,1865.0,10.7
2010-02-28,Caroline,CAR,17471.0,15504.0,153.5,67.0,33.054,13.0,953846.0,1967.0,11.3
2010-03-31,Caroline,CAR,17654.0,15793.0,153.5,67.0,33.054,13.0,953846.0,1861.0,10.5
2010-04-30,Caroline,CAR,17484.0,15883.0,153.5,67.0,33.054,13.0,953846.0,1601.0,9.2
2010-05-31,Caroline,CAR,17559.0,16014.0,153.5,67.0,33.054,13.0,953846.0,1545.0,8.8
2010-06-30,Caroline,CAR,17773.0,16167.0,153.5,67.0,33.054,13.0,953846.0,1606.0,9.0
2010-07-31,Caroline,CAR,17682.0,16072.0,153.5,67.0,33.054,13.0,953846.0,1610.0,9.1
2010-08-31,Caroline,CAR,17453.0,15856.0,153.5,67.0,33.054,13.0,953846.0,1597.0,9.2
2010-09-30,Caroline,CAR,17500.0,15991.0,153.5,67.0,33.054,13.0,953846.0,1509.0,8.6
2010-10-31,Caroline,CAR,17447.0,15953.0,153.5,67.0,33.054,13.0,953846.0,1494.0,8.6
2010-11-30,Caroline,CAR,17352.0,15798.0,153.5,67.0,33.054,13.0,953846.0,1554.0,9.0
2010-12-31,Caroline,CAR,17327.0,15809.0,153.5,67.0,33.054,13.0,953846.0,1518.0,8.8
2011-01-31,Caroline,CAR,17259.0,15534.0,143.26,29.0,32.89,13.1,975983.0,1725.0,10.0
2011-02-28,Caroline,CAR,17292.0,15587.0,143.26,29.0,32.89,13.1,975983.0,1705.0,9.9
2011-03-31,Caroline,CAR,17495.0,15882.0,143.26,29.0,32.89,13.1,975983.0,1613.0,9.2
2011-04-30,Caroline,CAR,17296.0,15855.0,143.26,29.0,32.89,13.1,975983.0,1441.0,8.3
2011-05-31,Caroline,CAR,17407.0,15963.0,143.26,29.0,32.89,13.1,975983.0,1444.0,8.3
2011-06-30,Caroline,CAR,17931.0,16369.0,143.26,29.0,32.89,13.1,975983.0,1562.0,8.7
2011-07-31,Caroline,CAR,17799.0,16262.0,143.26,29.0,32.89,13.1,975983.0,1537.0,8.6
2011-08-31,Caroline,CAR,17545.0,16051.0,143.26,29.0,32.89,13.1,975983.0,1494.0,8.5
2011-09-30,Caroline,CAR,17617.0,16144.0,143.26,29.0,32.89,13.1,975983.0,1473.0,8.4
2011-10-31,Caroline,CAR,17631.0,16183.0,143.26,29.0,32.89,13.1,975983.0,1448.0,8.2
2011-11-30,Caroline,CAR,17475.0,16072.0,143.26,29.0,32.89,13.1,975983.0,1403.0,8.0
2011-12-31,Caroline,CAR,17353.0,15946.0,143.26,29.0,32.89,13.1,975983.0,1407.0,8.1
2012-01-31,Caroline,CAR,17213.0,15661.0,138.05,28.0,32.636,15.7,994058.0,1552.0,9.0
2012-02-29,Caroline,CAR,17314.0,15765.0,138.05,28.0,32.636,15.7,994058.0,1549.0,8.9
2012-03-31,Caroline,CAR,17468.0,16020.0,138.05,28.0,32.636,15.7,994058.0,1448.0,8.3
2012-04-30,Caroline,CAR,17240.0,15952.0,138.05,28.0,32.636,15.7,994058.0,1288.0,7.5
2012-05-31,Caroline,CAR,17429.0,16128.0,138.05,28.0,32.636,15.7,994058.0,1301.0,7.5
2012-06-30,Caroline,CAR,18230.0,16818.0,138.05,28.0,32.636,15.7,994058.0,1412.0,7.7
2012-07-31,Caroline,CAR,18355.0,16969.0,138.05,28.0,32.636,15.7,994058.0,1386.0,7.6
2012-08-31,Caroline,CAR,17786.0,16461.0,138.05,28.0,32.636,15.7,994058.0,1325.0,7.4
2012-09-30,Caroline,CAR,17901.0,16685.0,138.05,28.0,32.636,15.7,994058.0,1216.0,6.8
2012-10-31,Caroline,CAR,17735.0,16502.0,138.05,28.0,32.636,15.7,994058.0,1233.0,7.0
2012-11-30,Caroline,CAR,17672.0,16450.0,138.05,28.0,32.636,15.7,994058.0,1222.0,6.9
2012-12-31,Caroline,CAR,17689.0,16407.0,138.05,28.0,32.636,15.7,994058.0,1282.0,7.2
2013-01-31,Caroline,CAR,17531.0,16113.0,137.13,39.0,32.651,16.7,1150937.0,1418.0,8.1
2013-02-28,Caroline,CAR,17612.0,16214.0,137.13,39.0,32.651,16.7,1150937.0,1398.0,7.9
2013-03-31,Caroline,CAR,17646.0,16363.0,137.13,39.0,32.651,16.7,1150937.0,1283.0,7.3
2013-04-30,Caroline,CAR,17606.0,16422.0,137.13,39.0,32.651,16.7,1150937.0,1184.0,6.7
2013-05-31,Caroline,CAR,17784.0,16561.0,137.13,39.0,32.651,16.7,1150937.0,1223.0,6.9
2013-06-30,Caroline,CAR,18323.0,16997.0,137.13,39.0,32.651,16.7,1150937.0,1326.0,7.2
2013-07-31,Caroline,CAR,18255.0,16985.0,137.13,39.0,32.651,16.7,1150937.0,1270.0,7.0
2013-08-31,Caroline,CAR,17938.0,16733.0,137.13,39.0,32.651,16.7,1150937.0,1205.0,6.7
2013-09-30,Caroline,CAR,17852.0,16729.0,137.13,39.0,32.651,16.7,1150937.0,1123.0,6.3
2013-10-31,Caroline,CAR,17678.0,16546.0,137.13,39.0,32.651,16.7,1150937.0,1132.0,6.4
2013-11-30,Caroline,CAR,17571.0,16453.0,137.13,39.0,32.651,16.7,1150937.0,1118.0,6.4
2013-12-31,Caroline,CAR,17550.0,16464.0,137.13,39.0,32.651,16.7,1150937.0,1086.0,6.2
2014-01-31,Caroline,CAR,17691.0,16465.0,137.13,35.0,32.542,16.0,1191589.0,1226.0,6.9
2014-02-28,Caroline,CAR,17585.0,16334.0,137.13,35.0,32.542,16.0,1191589.0,1251.0,7.1
2014-03-31,Caroline,CAR,17770.0,16585.0,137.13,35.0,32.542,16.0,1191589.0,1185.0,6.7
2014-04-30,Caroline,CAR,17237.0,16213.0,137.13,35.0,32.542,16.0,1191589.0,1024.0,5.9
2014-05-31,Caroline,CAR,17359.0,16314.0,137.13,35.0,32.542,16.0,1191589.0,1045.0,6.0
2014-06-30,Caroline,CAR,17789.0,16665.0,137.13,35.0,32.542,16.0,1191589.0,1124.0,6.3
2014-07-31,Caroline,CAR,17866.0,16724.0,137.13,35.0,32.542,16.0,1191589.0,1142.0,6.4
2014-08-31,Caroline,CAR,17648.0,16568.0,137.13,35.0,32.542,16.0,1191589.0,1080.0,6.1
2014-09-30,Caroline,CAR,17389.0,16425.0,137.13,35.0,32.542,16.0,1191589.0,964.0,5.5
2014-10-31,Caroline,CAR,17505.0,16535.0,137.13,35.0,32.542,16.0,1191589.0,970.0,5.5
2014-11-30,Caroline,CAR,17292.0,16308.0,137.13,35.0,32.542,16.0,1191589.0,984.0,5.7
2014-12-31,Caroline,CAR,17143.0,16172.0,137.13,35.0,32.542,16.0,1191589.0,971.0,5.7
2015-01-31,Caroline,CAR,17119.0,15953.0,138.1,46.0,32.601,14.4,1308652.0,1166.0,6.8
2015-02-28,Caroline,CAR,17171.0,16030.0,138.1,46.0,32.601,14.4,1308652.0,1141.0,6.6
2015-03-31,Caroline,CAR,17427.0,16350.0,138.1,46.0,32.601,14.4,1308652.0,1077.0,6.2
2015-04-30,Caroline,CAR,17580.0,16676.0,138.1,46.0,32.601,14.4,1308652.0,904.0,5.1
2015-05-31,Caroline,CAR,17728.0,16815.0,138.1,46.0,32.601,14.4,1308652.0,913.0,5.2
2015-06-30,Caroline,CAR,18160.0,17200.0,138.1,46.0,32.601,14.4,1308652.0,960.0,5.3
2015-07-31,Caroline,CAR,18240.0,17296.0,138.1,46.0,32.601,14.4,1308652.0,944.0,5.2
2015-08-31,Caroline,CAR,17881.0,16980.0,138.1,46.0,32.601,14.4,1308652.0,901.0,5.0
2015-09-30,Caroline,CAR,17658.0,16829.0,138.1,46.0,32.601,14.4,1308652.0,829.0,4.7
2015-10-31,Caroline,CAR,17727.0,16852.0,138.1,46.0,32.601,14.4,1308652.0,875.0,4.9
2015-11-30,Caroline,CAR,17293.0,16422.0,138.1,46.0,32.601,14.4,1308652.0,871.0,5.0
2015-12-31,Caroline,CAR,17373.0,16540.0,138.1,46.0,32.601,14.4,1308652.0,833.0,4.8
2016-01-31,Caroline,CAR,16027.0,15106.0,143.09,85.0,32.834,15.3,1345853.0,921.0,5.7
2016-02-29,Caroline,CAR,16225.0,15284.0,143.09,85.0,32.834,15.3,1345853.0,941.0,5.8
2016-03-31,Caroline,CAR,16557.0,15646.0,143.09,85.0,32.834,15.3,1345853.0,911.0,5.5
2016-04-30,Caroline,CAR,16787.0,16047.0,143.09,85.0,32.834,15.3,1345853.0,740.0,4.4
2016-05-31,Caroline,CAR,16443.0,15730.0,143.09,85.0,32.834,15.3,1345853.0,713.0,4.3
2016-06-30,Caroline,CAR,16908.0,16110.0,143.09,85.0,32.834,15.3,1345853.0,798.0,4.7
2016-07-31,Caroline,CAR,17034.0,16220.0,143.09,85.0,32.834,15.3,1345853.0,814.0,4.8
2016-08-31,Caroline,CAR,16365.0,15570.0,143.09,85.0,32.834,15.3,1345853.0,795.0,4.9
2016-09-30,Caroline,CAR,16340.0,15592.0,143.09,85.0,32.834,15.3,1345853.0,748.0,4.6
2016-10-31,Caroline,CAR,16446.0,15671.0,143.09,85.0,32.834,15.3,1345853.0,775.0,4.7
2016-11-30,Caroline,CAR,16086.0,15316.0,143.09,85.0,32.834,15.3,1345853.0,770.0,4.8
2016-12-31,Caroline,CAR,16418.0,15633.0,143.09,85.0,32.834,15.3,1345853.0,785.0,4.8
2017-01-31,Caroline,CAR,16414.0,15469.0,150.29,55.0,33.122,13.8,1339398.0,945.0,5.8
2017-02-28,Caroline,CAR,16692.0,15736.0,150.29,55.0,33.122,13.8,1339398.0,956.0,5.7
2017-03-31,Caroline,CAR,16996.0,16139.0,150.29,55.0,33.122,13.8,1339398.0,857.0,5.0
2017-04-30,Caroline,CAR,17241.0,16537.0,150.29,55.0,33.122,13.8,1339398.0,704.0,4.1
2017-05-31,Caroline,CAR,16724.0,16032.0,150.29,55.0,33.122,13.8,1339398.0,692.0,4.1
2017-06-30,Caroline,CAR,17045.0,16296.0,150.29,55.0,33.122,13.8,1339398.0,749.0,4.4
2017-07-31,Caroline,CAR,17128.0,16377.0,150.29,55.0,33.122,13.8,1339398.0,751.0,4.4
2017-08-31,Caroline,CAR,16406.0,15669.0,150.29,55.0,33.122,13.8,1339398.0,737.0,4.5
2017-09-30,Caroline,CAR,16411.0,15757.0,150.29,55.0,33.122,13.8,1339398.0,654.0,4.0
2017-10-31,Caroline,CAR,16940.0,16265.0,150.29,55.0,33.122,13.8,1339398.0,675.0,4.0
2017-11-30,Caroline,CAR,16653.0,15959.0,150.29,55.0,33.122,13.8,1339398.0,694.0,4.2
2017-12-31,Caroline,CAR,16938.0,16252.0,150.29,55.0,33.122,13.8,1339398.0,686.0,4.1
2018-01-31,Caroline,CAR,17283.0,16394.0,157.96,59.0,33.341,13.2,1277612.0,889.0,5.1
2018-02-28,Caroline,CAR,17366.0,16497.0,157.96,59.0,33.341,13.2,1277612.0,869.0,5.0
2018-03-31,Caroline,CAR,17382.0,16603.0,157.96,59.0,33.341,13.2,1277612.0,779.0,4.5
2018-04-30,Caroline,CAR,17290.0,16684.0,157.96,59.0,33.341,13.2,1277612.0,606.0,3.5
2018-05-31,Caroline,CAR,16864.0,16255.0,157.96,59.0,33.341,13.2,1277612.0,609.0,3.6
2018-06-30,Caroline,CAR,17156.0,16432.0,157.96,59.0,33.341,13.2,1277612.0,724.0,4.2
2018-07-31,Caroline,CAR,17266.0,16564.0,157.96,59.0,33.341,13.2,1277612.0,702.0,4.1
2018-08-31,Caroline,CAR,16513.0,15885.0,157.96,59.0,33.341,13.2,1277612.0,628.0,3.8
2018-09-30,Caroline,CAR,16450.0,15890.0,157.96,59.0,33.341,13.2,1277612.0,560.0,3.4
2018-10-31,Caroline,CAR,16983.0,16410.0,157.96,59.0,33.341,13.2,1277612.0,573.0,3.4
2018-11-30,Caroline,CAR,16836.0,16277.0,157.96,59.0,33.341,13.2,1277612.0,559.0,3.3
2018-12-31,Caroline,CAR,17171.0,16570.0,157.96,59.0,33.341,13.2,1277612.0,601.0,3.5
2019-01-31,Caroline,CAR,17401.0,16615.0,160.32,65.0,33.509,12.1,1193687.0,786.0,4.5
2019-02-28,Caroline,CAR,17495.0,16680.0,160.32,65.0,33.509,12.1,1193687.0,815.0,4.7
2019-03-31,Caroline,CAR,17473.0,16754.0,160.32,65.0,33.509,12.1,1193687.0,719.0,4.1
2019-04-30,Caroline,CAR,17374.0,16797.0,160.32,65.0,33.509,12.1,1193687.0,577.0,3.3
2019-05-31,Caroline,CAR,17084.0,16543.0,160.32,65.0,33.509,12.1,1193687.0,541.0,3.2
2019-06-30,Caroline,CAR,17111.0,16453.0,160.32,65.0,33.509,12.1,1193687.0,658.0,3.8
2019-07-31,Caroline,CAR,17097.0,16403.0,160.32,65.0,33.509,12.1,1193687.0,694.0,4.1
2019-08-31,Caroline,CAR,16896.0,16280.0,160.32,65.0,33.509,12.1,1193687.0,616.0,3.6
2019-09-30,Caroline,CAR,16629.0,16127.0,160.32,65.0,33.509,12.1,1193687.0,502.0,3.0
2019-10-31,Caroline,CAR,16946.0,16412.0,160.32,65.0,33.509,12.1,1193687.0,534.0,3.2
2019-11-30,Caroline,CAR,16749.0,16198.0,160.32,65.0,33.509,12.1,1193687.0,551.0,3.3
2019-12-31,Caroline,CAR,17054.0,16514.0,160.32,65.0,33.509,12.1,1193687.0,540.0,3.2
2020-01-31,Caroline,CAR,17265.0,16581.0,170.23,75.0,33.277,12.4,1066095.0,684.0,4.0
2020-02-29,Caroline,CAR,17228.0,16544.0,170.23,75.0,33.277,12.4,1066095.0,684.0,4.0
2020-03-31,Caroline,CAR,17238.0,16452.0,170.23,75.0,33.277,12.4,1066095.0,786.0,4.6
2020-04-30,Caroline,CAR,16319.0,14992.0,170.23,75.0,33.277,12.4,1066095.0,1327.0,8.1
2020-05-31,Caroline,CAR,16321.0,15049.0,170.23,75.0,33.277,12.4,1066095.0,1272.0,7.8
2020-06-30,Caroline,CAR,15765.0,14708.0,170.23,75.0,33.277,12.4,1066095.0,1057.0,6.7
2020-07-31,Caroline,CAR,16251.0,15204.0,170.23,75.0,33.277,12.4,1066095.0,1047.0,6.4
2020-08-31,Caroline,CAR,15860.0,14922.0,170.23,75.0,33.277,12.4,1066095.0,938.0,5.9
2020-09-30,Caroline,CAR,15416.0,14459.0,170.23,75.0,33.277,12.4,1066095.0,957.0,6.2
2020-10-31,Caroline,CAR,15634.0,14760.0,170.23,75.0,33.277,12.4,1066095.0,874.0,5.6
2020-11-30,Caroline,CAR,15311.0,14484.0,170.23,75.0,33.277,12.4,1066095.0,827.0,5.4
2020-12-31,Caroline,CAR,15531.0,14656.0,170.23,75.0,33.277,12.4,1066095.0,875.0,5.6
2021-01-31,Caroline,CAR,15752.0,14728.0,186.23,95.0,33.443,13.5,1218687.0,1024.0,6.5
2021-02-28,Caroline,CAR,15701.0,14741.0,186.23,95.0,33.443,13.5,1218687.0,960.0,6.1
2021-03-31,Caroline,CAR,15904.0,15038.0,186.23,95.0,33.443,13.5,1218687.0,866.0,5.4
2021-04-30,Caroline,CAR,15323.0,14590.0,186.23,95.0,33.443,13.5,1218687.0,733.0,4.8
2021-05-31,Caroline,CAR,15428.0,14682.0,186.23,95.0,33.443,13.5,1218687.0,746.0,4.8
2021-06-30,Caroline,CAR,15206.0,14317.0,186.23,95.0,33.443,13.5,1218687.0,889.0,5.8
2021-07-31,Caroline,CAR,15908.0,15153.0,186.23,95.0,33.443,13.5,1218687.0,755.0,4.7
2021-08-31,Caroline,CAR,15436.0,14722.0,186.23,95.0,33.443,13.5,1218687.0,714.0,4.6
2021-09-30,Caroline,CAR,15362.0,14727.0,186.23,95.0,33.443,13.5,1218687.0,635.0,4.1
2021-10-31,Caroline,CAR,15605.0,15007.0,186.23,95.0,33.443,13.5,1218687.0,598.0,3.8
2021-11-30,Caroline,CAR,15303.0,14756.0,186.23,95.0,33.443,13.5,1218687.0,547.0,3.6
2021-12-31,Caroline,CAR,15570.0,15100.0,186.23,95.0,33.443,13.5,1218687.0,470.0,3.0
2022-01-31,Caroline,CAR,15353.0,14741.0,212.7,69.0,33.539,12.9,1275695.0,612.0,4.0
2022-02-28,Caroline,CAR,15489.0,14881.0,212.7,69.0,33.539,12.9,1275695.0,608.0,3.9
2022-03-31,Caroline,CAR,15791.0,15258.0,212.7,69.0,33.539,12.9,1275695.0,533.0,3.4
2022-04-30,Caroline,CAR,15141.0,14733.0,212.7,69.0,33.539,12.9,1275695.0,408.0,2.7
2022-05-31,Caroline,CAR,15688.0,15247.0,212.7,69.0,33.539,12.9,1275695.0,441.0,2.8
2022-06-30,Caroline,CAR,15557.0,15014.0,212.7,69.0,33.539,12.9,1275695.0,543.0,3.5
2022-07-31,Caroline,CAR,16053.0,15549.0,212.7,69.0,33.539,12.9,1275695.0,504.0,3.1
2022-08-31,Caroline,CAR,15755.0,15260.0,212.7,69.0,33.539,12.9,1275695.0,495.0,3.1
2022-09-30,Caroline,CAR,15713.0,15308.0,212.7,69.0,33.539,12.9,1275695.0,405.0,2.6
2022-10-31,Caroline,CAR,15723.0,15278.0,212.7,69.0,33.539,12.9,1275695.0,445.0,2.8
2022-11-30,Caroline,CAR,15149.0,14762.0,212.7,69.0,33.539,12.9,1275695.0,387.0,2.6
2022-12-31,Caroline,CAR,15711.0,15367.0,212.7,69.0,33.539,12.9,1275695.0,344.0,2.2
2023-01-31,Caroline,CAR,15846.0,15374.0,227.12,69.0,33.838,13.3,1178947.0,472.0,3.0
2023-02-28,Caroline,CAR,16286.0,15854.0,227.12,69.0,33.838,,,432.0,2.7
2023-03-31,Caroline,CAR,16655.0,16299.0,227.12,69.0,33.838,,,356.0,2.1
2023-04-30,Caroline,CAR,15650.0,15404.0,227.12,69.0,33.838,,,246.0,1.6
2023-05-31,Caroline,CAR,16047.0,15756.0,227.12,69.0,33.838,,,291.0,1.8
2023-06-30,Caroline,CAR,16049.0,15698.0,227.12,69.0,33.838,,,351.0,2.2
2023-07-31,Caroline,CAR,16289.0,15920.0,227.12,69.0,33.838,,,369.0,2.3
2023-08-31,Caroline,CAR,16194.0,15808.0,227.12,69.0,33.838,,,386.0,2.4
2023-09-30,Caroline,CAR,16269.0,15918.0,227.12,69.0,33.838,,,351.0,2.2
2023-10-31,Caroline,CAR,16394.0,16008.0,227.12,69.0,33.838,,,386.0,2.4
2023-11-30,Caroline,CAR,16079.0,15706.0,227.12,69.0,33.838,,,373.0,2.3
2023-12-31,Caroline,CAR,16399.0,16009.0,227.12,69.0,33.838,,,390.0,2.4
2024-01-31,Caroline,CAR,15645.0,15148.0,241.73,55.0,34.248,,,497.0,3.2
2024-02-29,Caroline,CAR,15961.0,15450.0,,,,,,511.0,3.2
2024-03-31,Caroline,CAR,16403.0,15931.0,,,,,,472.0,2.9
2024-04-30,Caroline,CAR,15538.0,15136.0,,,,,,402.0,2.6
2024-05-31,Caroline,CAR,15880.0,15476.0,,,,,,404.0,2.5
2024-06-30,Caroline,CAR,16014.0,15490.0,,,,,,524.0,3.3
2024-07-31,Caroline,CAR,16149.0,15600.0,,,,,,549.0,3.4
2024-08-31,Caroline,CAR,15978.0,15433.0,,,,,,545.0,3.4
2024-09-30,Caroline,CAR,15808.0,15343.0,,,,,,465.0,2.9
2024-10-31,Caroline,CAR,15895.0,15413.0,,,,,,482.0,3.0
2024-11-30,Caroline,CAR,15511.0,15023.0,,,,,,488.0,3.1
2024-12-31,Caroline,CAR,15641.0,15219.0,,,,,,422.0,2.7
2025-01-31,Caroline,CAR,15283.0,14778.0,,,,,,505.0,3.3
2025-02-28,Caroline,CAR,15454.0,14894.0,,,,,,560.0,3.6
2025-03-31,Caroline,CAR,16379.0,15847.0,,,,,,532.0,3.2
2025-04-30,Caroline,CAR,15802.0,15323.0,,,,,,479.0,3.0
2025-05-31,Caroline,CAR,16292.0,15806.0,,,,,,486.0,3.0
2025-06-30,Caroline,CAR,16801.0,16246.0,,,,,,555.0,3.3
2025-07-31,Caroline,CAR,16320.0,15739.0,,,,,,581.0,3.6
2025-08-31,Caroline,CAR,15967.0,15339.0,,,,,,628.0,3.9
