Date,County,County_Code,Civilian_Labor_Force,HPI_AllTransactions,Population_Annual,Unemployed_Persons,Unemployment_Rate
1970-01-31,Montgomery,MON,,,522.809,,
1970-02-28,Montgomery,MON,,,522.809,,
1970-03-31,Montgomery,MON,,,522.809,,
1970-04-30,Montgomery,MON,,,522.809,,
1970-05-31,Montgomery,MON,,,522.809,,
1970-06-30,Montgomery,MON,,,522.809,,
1970-07-31,Montgomery,MON,,,522.809,,
1970-08-31,Montgomery,MON,,,522.809,,
1970-09-30,Montgomery,MON,,,522.809,,
1970-10-31,Montgomery,MON,,,522.809,,
1970-11-30,Montgomery,MON,,,522.809,,
1970-12-31,Montgomery,MON,,,522.809,,
1971-01-31,Montgomery,MON,,,534.4,,
1971-02-28,Montgomery,MON,,,534.4,,
1971-03-31,Montgomery,MON,,,534.4,,
1971-04-30,Montgomery,MON,,,534.4,,
1971-05-31,Montgomery,MON,,,534.4,,
1971-06-30,Montgomery,MON,,,534.4,,
1971-07-31,Montgomery,MON,,,534.4,,
1971-08-31,Montgomery,MON,,,534.4,,
1971-09-30,Montgomery,MON,,,534.4,,
1971-10-31,Montgomery,MON,,,534.4,,
1971-11-30,Montgomery,MON,,,534.4,,
1971-12-31,Montgomery,MON,,,534.4,,
1972-01-31,Montgomery,MON,,,552.2,,
1972-02-29,Montgomery,MON,,,552.2,,
1972-03-31,Montgomery,MON,,,552.2,,
1972-04-30,Montgomery,MON,,,552.2,,
1972-05-31,Montgomery,MON,,,552.2,,
1972-06-30,Montgomery,MON,,,552.2,,
1972-07-31,Montgomery,MON,,,552.2,,
1972-08-31,Montgomery,MON,,,552.2,,
1972-09-30,Montgomery,MON,,,552.2,,
1972-10-31,Montgomery,MON,,,552.2,,
1972-11-30,Montgomery,MON,,,552.2,,
1972-12-31,Montgomery,MON,,,552.2,,
1973-01-31,Montgomery,MON,,,559.1,,
1973-02-28,Montgomery,MON,,,559.1,,
1973-03-31,Montgomery,MON,,,559.1,,
1973-04-30,Montgomery,MON,,,559.1,,
1973-05-31,Montgomery,MON,,,559.1,,
1973-06-30,Montgomery,MON,,,559.1,,
1973-07-31,Montgomery,MON,,,559.1,,
1973-08-31,Montgomery,MON,,,559.1,,
1973-09-30,Montgomery,MON,,,559.1,,
1973-10-31,Montgomery,MON,,,559.1,,
1973-11-30,Montgomery,MON,,,559.1,,
1973-12-31,Montgomery,MON,,,559.1,,
1974-01-31,Montgomery,MON,,,564.0,,
1974-02-28,Montgomery,MON,,,564.0,,
1974-03-31,Montgomery,MON,,,564.0,,
1974-04-30,Montgomery,MON,,,564.0,,
1974-05-31,Montgomery,MON,,,564.0,,
1974-06-30,Montgomery,MON,,,564.0,,
1974-07-31,Montgomery,MON,,,564.0,,
1974-08-31,Montgomery,MON,,,564.0,,
1974-09-30,Montgomery,MON,,,564.0,,
1974-10-31,Montgomery,MON,,,564.0,,
1974-11-30,Montgomery,MON,,,564.0,,
1974-12-31,Montgomery,MON,,,564.0,,
1975-01-31,Montgomery,MON,,24.47,577.0,,
1975-02-28,Montgomery,MON,,24.47,577.0,,
1975-03-31,Montgomery,MON,,24.47,577.0,,
1975-04-30,Montgomery,MON,,24.47,577.0,,
1975-05-31,Montgomery,MON,,24.47,577.0,,
1975-06-30,Montgomery,MON,,24.47,577.0,,
1975-07-31,Montgomery,MON,,24.47,577.0,,
1975-08-31,Montgomery,MON,,24.47,577.0,,
1975-09-30,Montgomery,MON,,24.47,577.0,,
1975-10-31,Montgomery,MON,,24.47,577.0,,
1975-11-30,Montgomery,MON,,24.47,577.0,,
1975-12-31,Montgomery,MON,,24.47,577.0,,
1976-01-31,Montgomery,MON,,26.73,579.5,,
1976-02-29,Montgomery,MON,,26.73,579.5,,
1976-03-31,Montgomery,MON,,26.73,579.5,,
1976-04-30,Montgomery,MON,,26.73,579.5,,
1976-05-31,Montgomery,MON,,26.73,579.5,,
1976-06-30,Montgomery,MON,,26.73,579.5,,
1976-07-31,Montgomery,MON,,26.73,579.5,,
1976-08-31,Montgomery,MON,,26.73,579.5,,
1976-09-30,Montgomery,MON,,26.73,579.5,,
1976-10-31,Montgomery,MON,,26.73,579.5,,
1976-11-30,Montgomery,MON,,26.73,579.5,,
1976-12-31,Montgomery,MON,,26.73,579.5,,
1977-01-31,Montgomery,MON,,28.93,580.8,,
1977-02-28,Montgomery,MON,,28.93,580.8,,
1977-03-31,Montgomery,MON,,28.93,580.8,,
1977-04-30,Montgomery,MON,,28.93,580.8,,
1977-05-31,Montgomery,MON,,28.93,580.8,,
1977-06-30,Montgomery,MON,,28.93,580.8,,
1977-07-31,Montgomery,MON,,28.93,580.8,,
1977-08-31,Montgomery,MON,,28.93,580.8,,
1977-09-30,Montgomery,MON,,28.93,580.8,,
1977-10-31,Montgomery,MON,,28.93,580.8,,
1977-11-30,Montgomery,MON,,28.93,580.8,,
1977-12-31,Montgomery,MON,,28.93,580.8,,
1978-01-31,Montgomery,MON,,33.63,584.3,,
1978-02-28,Montgomery,MON,,33.63,584.3,,
1978-03-31,Montgomery,MON,,33.63,584.3,,
1978-04-30,Montgomery,MON,,33.63,584.3,,
1978-05-31,Montgomery,MON,,33.63,584.3,,
1978-06-30,Montgomery,MON,,33.63,584.3,,
1978-07-31,Montgomery,MON,,33.63,584.3,,
1978-08-31,Montgomery,MON,,33.63,584.3,,
1978-09-30,Montgomery,MON,,33.63,584.3,,
1978-10-31,Montgomery,MON,,33.63,584.3,,
1978-11-30,Montgomery,MON,,33.63,584.3,,
1978-12-31,Montgomery,MON,,33.63,584.3,,
1979-01-31,Montgomery,MON,,39.16,581.8,,
1979-02-28,Montgomery,MON,,39.16,581.8,,
1979-03-31,Montgomery,MON,,39.16,581.8,,
1979-04-30,Montgomery,MON,,39.16,581.8,,
1979-05-31,Montgomery,MON,,39.16,581.8,,
1979-06-30,Montgomery,MON,,39.16,581.8,,
1979-07-31,Montgomery,MON,,39.16,581.8,,
1979-08-31,Montgomery,MON,,39.16,581.8,,
1979-09-30,Montgomery,MON,,39.16,581.8,,
1979-10-31,Montgomery,MON,,39.16,581.8,,
1979-11-30,Montgomery,MON,,39.16,581.8,,
1979-12-31,Montgomery,MON,,39.16,581.8,,
1980-01-31,Montgomery,MON,,43.67,579.053,,
1980-02-29,Montgomery,MON,,43.67,579.053,,
1980-03-31,Montgomery,MON,,43.67,579.053,,
1980-04-30,Montgomery,MON,,43.67,579.053,,
1980-05-31,Montgomery,MON,,43.67,579.053,,
1980-06-30,Montgomery,MON,,43.67,579.053,,
1980-07-31,Montgomery,MON,,43.67,579.053,,
1980-08-31,Montgomery,MON,,43.67,579.053,,
1980-09-30,Montgomery,MON,,43.67,579.053,,
1980-10-31,Montgomery,MON,,43.67,579.053,,
1980-11-30,Montgomery,MON,,43.67,579.053,,
1980-12-31,Montgomery,MON,,43.67,579.053,,
1981-01-31,Montgomery,MON,,47.85,592.873,,
1981-02-28,Montgomery,MON,,47.85,592.873,,
1981-03-31,Montgomery,MON,,47.85,592.873,,
1981-04-30,Montgomery,MON,,47.85,592.873,,
1981-05-31,Montgomery,MON,,47.85,592.873,,
1981-06-30,Montgomery,MON,,47.85,592.873,,
1981-07-31,Montgomery,MON,,47.85,592.873,,
1981-08-31,Montgomery,MON,,47.85,592.873,,
1981-09-30,Montgomery,MON,,47.85,592.873,,
1981-10-31,Montgomery,MON,,47.85,592.873,,
1981-11-30,Montgomery,MON,,47.85,592.873,,
1981-12-31,Montgomery,MON,,47.85,592.873,,
1982-01-31,Montgomery,MON,,45.43,600.479,,
1982-02-28,Montgomery,MON,,45.43,600.479,,
1982-03-31,Montgomery,MON,,45.43,600.479,,
1982-04-30,Montgomery,MON,,45.43,600.479,,
1982-05-31,Montgomery,MON,,45.43,600.479,,
1982-06-30,Montgomery,MON,,45.43,600.479,,
1982-07-31,Montgomery,MON,,45.43,600.479,,
1982-08-31,Montgomery,MON,,45.43,600.479,,
1982-09-30,Montgomery,MON,,45.43,600.479,,
1982-10-31,Montgomery,MON,,45.43,600.479,,
1982-11-30,Montgomery,MON,,45.43,600.479,,
1982-12-31,Montgomery,MON,,45.43,600.479,,
1983-01-31,Montgomery,MON,,46.87,614.213,,
1983-02-28,Montgomery,MON,,46.87,614.213,,
1983-03-31,Montgomery,MON,,46.87,614.213,,
1983-04-30,Montgomery,MON,,46.87,614.213,,
1983-05-31,Montgomery,MON,,46.87,614.213,,
1983-06-30,Montgomery,MON,,46.87,614.213,,
1983-07-31,Montgomery,MON,,46.87,614.213,,
1983-08-31,Montgomery,MON,,46.87,614.213,,
1983-09-30,Montgomery,MON,,46.87,614.213,,
1983-10-31,Montgomery,MON,,46.87,614.213,,
1983-11-30,Montgomery,MON,,46.87,614.213,,
1983-12-31,Montgomery,MON,,46.87,614.213,,
1984-01-31,Montgomery,MON,,49.95,632.915,,
1984-02-29,Montgomery,MON,,49.95,632.915,,
1984-03-31,Montgomery,MON,,49.95,632.915,,
1984-04-30,Montgomery,MON,,49.95,632.915,,
1984-05-31,Montgomery,MON,,49.95,632.915,,
1984-06-30,Montgomery,MON,,49.95,632.915,,
1984-07-31,Montgomery,MON,,49.95,632.915,,
1984-08-31,Montgomery,MON,,49.95,632.915,,
1984-09-30,Montgomery,MON,,49.95,632.915,,
1984-10-31,Montgomery,MON,,49.95,632.915,,
1984-11-30,Montgomery,MON,,49.95,632.915,,
1984-12-31,Montgomery,MON,,49.95,632.915,,
1985-01-31,Montgomery,MON,,52.38,652.945,,
1985-02-28,Montgomery,MON,,52.38,652.945,,
1985-03-31,Montgomery,MON,,52.38,652.945,,
1985-04-30,Montgomery,MON,,52.38,652.945,,
1985-05-31,Montgomery,MON,,52.38,652.945,,
1985-06-30,Montgomery,MON,,52.38,652.945,,
1985-07-31,Montgomery,MON,,52.38,652.945,,
1985-08-31,Montgomery,MON,,52.38,652.945,,
1985-09-30,Montgomery,MON,,52.38,652.945,,
1985-10-31,Montgomery,MON,,52.38,652.945,,
1985-11-30,Montgomery,MON,,52.38,652.945,,
1985-12-31,Montgomery,MON,,52.38,652.945,,
1986-01-31,Montgomery,MON,,55.69,675.784,,
1986-02-28,Montgomery,MON,,55.69,675.784,,
1986-03-31,Montgomery,MON,,55.69,675.784,,
1986-04-30,Montgomery,MON,,55.69,675.784,,
1986-05-31,Montgomery,MON,,55.69,675.784,,
1986-06-30,Montgomery,MON,,55.69,675.784,,
1986-07-31,Montgomery,MON,,55.69,675.784,,
1986-08-31,Montgomery,MON,,55.69,675.784,,
1986-09-30,Montgomery,MON,,55.69,675.784,,
1986-10-31,Montgomery,MON,,55.69,675.784,,
1986-11-30,Montgomery,MON,,55.69,675.784,,
1986-12-31,Montgomery,MON,,55.69,675.784,,
1987-01-31,Montgomery,MON,,61.6,703.273,,
1987-02-28,Montgomery,MON,,61.6,703.273,,
1987-03-31,Montgomery,MON,,61.6,703.273,,
1987-04-30,Montgomery,MON,,61.6,703.273,,
1987-05-31,Montgomery,MON,,61.6,703.273,,
1987-06-30,Montgomery,MON,,61.6,703.273,,
1987-07-31,Montgomery,MON,,61.6,703.273,,
1987-08-31,Montgomery,MON,,61.6,703.273,,
1987-09-30,Montgomery,MON,,61.6,703.273,,
1987-10-31,Montgomery,MON,,61.6,703.273,,
1987-11-30,Montgomery,MON,,61.6,703.273,,
1987-12-31,Montgomery,MON,,61.6,703.273,,
1988-01-31,Montgomery,MON,,73.76,731.351,,
1988-02-29,Montgomery,MON,,73.76,731.351,,
1988-03-31,Montgomery,MON,,73.76,731.351,,
1988-04-30,Montgomery,MON,,73.76,731.351,,
1988-05-31,Montgomery,MON,,73.76,731.351,,
1988-06-30,Montgomery,MON,,73.76,731.351,,
1988-07-31,Montgomery,MON,,73.76,731.351,,
1988-08-31,Montgomery,MON,,73.76,731.351,,
1988-09-30,Montgomery,MON,,73.76,731.351,,
1988-10-31,Montgomery,MON,,73.76,731.351,,
1988-11-30,Montgomery,MON,,73.76,731.351,,
1988-12-31,Montgomery,MON,,73.76,731.351,,
1989-01-31,Montgomery,MON,,84.63,749.638,,
1989-02-28,Montgomery,MON,,84.63,749.638,,
1989-03-31,Montgomery,MON,,84.63,749.638,,
1989-04-30,Montgomery,MON,,84.63,749.638,,
1989-05-31,Montgomery,MON,,84.63,749.638,,
1989-06-30,Montgomery,MON,,84.63,749.638,,
1989-07-31,Montgomery,MON,,84.63,749.638,,
1989-08-31,Montgomery,MON,,84.63,749.638,,
1989-09-30,Montgomery,MON,,84.63,749.638,,
1989-10-31,Montgomery,MON,,84.63,749.638,,
1989-11-30,Montgomery,MON,,84.63,749.638,,
1989-12-31,Montgomery,MON,,84.63,749.638,,
1990-01-31,Montgomery,MON,434595.0,86.73,765.476,7711.0,1.8
1990-02-28,Montgomery,MON,435235.0,86.73,765.476,8622.0,2.0
1990-03-31,Montgomery,MON,436689.0,86.73,765.476,7924.0,1.8
1990-04-30,Montgomery,MON,434796.0,86.73,765.476,8108.0,1.9
1990-05-31,Montgomery,MON,438043.0,86.73,765.476,9079.0,2.1
1990-06-30,Montgomery,MON,446122.0,86.73,765.476,10927.0,2.4
1990-07-31,Montgomery,MON,450918.0,86.73,765.476,11259.0,2.5
1990-08-31,Montgomery,MON,444306.0,86.73,765.476,11756.0,2.6
1990-09-30,Montgomery,MON,440773.0,86.73,765.476,12127.0,2.8
1990-10-31,Montgomery,MON,441280.0,86.73,765.476,12450.0,2.8
1990-11-30,Montgomery,MON,437926.0,86.73,765.476,12744.0,2.9
1990-12-31,Montgomery,MON,437817.0,86.73,765.476,12234.0,2.8
1991-01-31,Montgomery,MON,434366.0,86.65,775.49,12410.0,2.9
1991-02-28,Montgomery,MON,435005.0,86.65,775.49,13264.0,3.0
1991-03-31,Montgomery,MON,439047.0,86.65,775.49,13194.0,3.0
1991-04-30,Montgomery,MON,438336.0,86.65,775.49,12135.0,2.8
1991-05-31,Montgomery,MON,439996.0,86.65,775.49,13587.0,3.1
1991-06-30,Montgomery,MON,447766.0,86.65,775.49,14902.0,3.3
1991-07-31,Montgomery,MON,452887.0,86.65,775.49,14495.0,3.2
1991-08-31,Montgomery,MON,447892.0,86.65,775.49,14399.0,3.2
1991-09-30,Montgomery,MON,446447.0,86.65,775.49,14371.0,3.2
1991-10-31,Montgomery,MON,447098.0,86.65,775.49,15061.0,3.4
1991-11-30,Montgomery,MON,445776.0,86.65,775.49,14427.0,3.2
1991-12-31,Montgomery,MON,445363.0,86.65,775.49,14217.0,3.2
1992-01-31,Montgomery,MON,444592.0,87.02,786.437,15432.0,3.5
1992-02-29,Montgomery,MON,443556.0,87.02,786.437,15950.0,3.6
1992-03-31,Montgomery,MON,448116.0,87.02,786.437,15827.0,3.5
1992-04-30,Montgomery,MON,448368.0,87.02,786.437,14821.0,3.3
1992-05-31,Montgomery,MON,451156.0,87.02,786.437,15980.0,3.5
1992-06-30,Montgomery,MON,459095.0,87.02,786.437,17965.0,3.9
1992-07-31,Montgomery,MON,463632.0,87.02,786.437,17272.0,3.7
1992-08-31,Montgomery,MON,454688.0,87.02,786.437,15747.0,3.5
1992-09-30,Montgomery,MON,452544.0,87.02,786.437,16451.0,3.6
1992-10-31,Montgomery,MON,452346.0,87.02,786.437,16421.0,3.6
1992-11-30,Montgomery,MON,452353.0,87.02,786.437,16091.0,3.6
1992-12-31,Montgomery,MON,452690.0,87.02,786.437,14922.0,3.3
1993-01-31,Montgomery,MON,445918.0,86.78,797.654,15888.0,3.6
1993-02-28,Montgomery,MON,445731.0,86.78,797.654,16361.0,3.7
1993-03-31,Montgomery,MON,447568.0,86.78,797.654,15082.0,3.4
1993-04-30,Montgomery,MON,444264.0,86.78,797.654,14163.0,3.2
1993-05-31,Montgomery,MON,448943.0,86.78,797.654,14649.0,3.3
1993-06-30,Montgomery,MON,454692.0,86.78,797.654,16375.0,3.6
1993-07-31,Montgomery,MON,457698.0,86.78,797.654,16435.0,3.6
1993-08-31,Montgomery,MON,453137.0,86.78,797.654,15995.0,3.5
1993-09-30,Montgomery,MON,449706.0,86.78,797.654,15231.0,3.4
1993-10-31,Montgomery,MON,453333.0,86.78,797.654,15612.0,3.4
1993-11-30,Montgomery,MON,451615.0,86.78,797.654,14555.0,3.2
1993-12-31,Montgomery,MON,450597.0,86.78,797.654,13738.0,3.0
1994-01-31,Montgomery,MON,456479.0,86.1,805.835,14876.0,3.3
1994-02-28,Montgomery,MON,456546.0,86.1,805.835,14386.0,3.2
1994-03-31,Montgomery,MON,457631.0,86.1,805.835,13600.0,3.0
1994-04-30,Montgomery,MON,455688.0,86.1,805.835,12161.0,2.7
1994-05-31,Montgomery,MON,459755.0,86.1,805.835,12704.0,2.8
1994-06-30,Montgomery,MON,463671.0,86.1,805.835,14243.0,3.1
1994-07-31,Montgomery,MON,467843.0,86.1,805.835,14182.0,3.0
1994-08-31,Montgomery,MON,462640.0,86.1,805.835,13788.0,3.0
1994-09-30,Montgomery,MON,460538.0,86.1,805.835,13840.0,3.0
1994-10-31,Montgomery,MON,467456.0,86.1,805.835,15061.0,3.2
1994-11-30,Montgomery,MON,465744.0,86.1,805.835,13641.0,2.9
1994-12-31,Montgomery,MON,464973.0,86.1,805.835,12529.0,2.7
1995-01-31,Montgomery,MON,459254.0,85.33,815.022,14070.0,3.1
1995-02-28,Montgomery,MON,459008.0,85.33,815.022,13051.0,2.8
1995-03-31,Montgomery,MON,462736.0,85.33,815.022,13100.0,2.8
1995-04-30,Montgomery,MON,461984.0,85.33,815.022,13097.0,2.8
1995-05-31,Montgomery,MON,462386.0,85.33,815.022,13573.0,2.9
1995-06-30,Montgomery,MON,466791.0,85.33,815.022,14384.0,3.1
1995-07-31,Montgomery,MON,472655.0,85.33,815.022,13295.0,2.8
1995-08-31,Montgomery,MON,464877.0,85.33,815.022,13488.0,2.9
1995-09-30,Montgomery,MON,462569.0,85.33,815.022,13394.0,2.9
1995-10-31,Montgomery,MON,465445.0,85.33,815.022,13163.0,2.8
1995-11-30,Montgomery,MON,463219.0,85.33,815.022,13024.0,2.8
1995-12-31,Montgomery,MON,462245.0,85.33,815.022,11839.0,2.6
1996-01-31,Montgomery,MON,459543.0,85.57,824.793,12272.0,2.7
1996-02-29,Montgomery,MON,461616.0,85.57,824.793,13109.0,2.8
1996-03-31,Montgomery,MON,465719.0,85.57,824.793,12776.0,2.7
1996-04-30,Montgomery,MON,462840.0,85.57,824.793,12037.0,2.6
1996-05-31,Montgomery,MON,466642.0,85.57,824.793,13406.0,2.9
1996-06-30,Montgomery,MON,472707.0,85.57,824.793,13878.0,2.9
1996-07-31,Montgomery,MON,479174.0,85.57,824.793,13710.0,2.9
1996-08-31,Montgomery,MON,471933.0,85.57,824.793,12068.0,2.6
1996-09-30,Montgomery,MON,468781.0,85.57,824.793,12185.0,2.6
1996-10-31,Montgomery,MON,471184.0,85.57,824.793,12011.0,2.5
1996-11-30,Montgomery,MON,471084.0,85.57,824.793,11709.0,2.5
1996-12-31,Montgomery,MON,470665.0,85.57,824.793,10931.0,2.3
1997-01-31,Montgomery,MON,461893.0,85.65,835.432,12256.0,2.7
1997-02-28,Montgomery,MON,461869.0,85.65,835.432,12507.0,2.7
1997-03-31,Montgomery,MON,467144.0,85.65,835.432,11894.0,2.5
1997-04-30,Montgomery,MON,463387.0,85.65,835.432,11230.0,2.4
1997-05-31,Montgomery,MON,464403.0,85.65,835.432,11133.0,2.4
1997-06-30,Montgomery,MON,468587.0,85.65,835.432,12334.0,2.6
1997-07-31,Montgomery,MON,476251.0,85.65,835.432,11306.0,2.4
1997-08-31,Montgomery,MON,467404.0,85.65,835.432,11113.0,2.4
1997-09-30,Montgomery,MON,462927.0,85.65,835.432,11029.0,2.4
1997-10-31,Montgomery,MON,464381.0,85.65,835.432,11765.0,2.5
1997-11-30,Montgomery,MON,464427.0,85.65,835.432,11032.0,2.4
1997-12-31,Montgomery,MON,464997.0,85.65,835.432,10733.0,2.3
1998-01-31,Montgomery,MON,464084.0,87.58,847.596,11235.0,2.4
1998-02-28,Montgomery,MON,464887.0,87.58,847.596,12144.0,2.6
1998-03-31,Montgomery,MON,468134.0,87.58,847.596,10544.0,2.3
1998-04-30,Montgomery,MON,465974.0,87.58,847.596,9676.0,2.1
1998-05-31,Montgomery,MON,468126.0,87.58,847.596,10231.0,2.2
1998-06-30,Montgomery,MON,472982.0,87.58,847.596,11542.0,2.4
1998-07-31,Montgomery,MON,478532.0,87.58,847.596,10408.0,2.2
1998-08-31,Montgomery,MON,472084.0,87.58,847.596,9979.0,2.1
1998-09-30,Montgomery,MON,468853.0,87.58,847.596,9937.0,2.1
1998-10-31,Montgomery,MON,471783.0,87.58,847.596,9833.0,2.1
1998-11-30,Montgomery,MON,471773.0,87.58,847.596,8977.0,1.9
1998-12-31,Montgomery,MON,473265.0,87.58,847.596,7467.0,1.6
1999-01-31,Montgomery,MON,470573.0,90.86,862.35,8926.0,1.9
1999-02-28,Montgomery,MON,470354.0,90.86,862.35,9684.0,2.1
1999-03-31,Montgomery,MON,473465.0,90.86,862.35,8549.0,1.8
1999-04-30,Montgomery,MON,470734.0,90.86,862.35,7936.0,1.7
1999-05-31,Montgomery,MON,473916.0,90.86,862.35,7761.0,1.6
1999-06-30,Montgomery,MON,479370.0,90.86,862.35,9671.0,2.0
1999-07-31,Montgomery,MON,484589.0,90.86,862.35,9322.0,1.9
1999-08-31,Montgomery,MON,478084.0,90.86,862.35,8510.0,1.8
1999-09-30,Montgomery,MON,475704.0,90.86,862.35,8203.0,1.7
1999-10-31,Montgomery,MON,478474.0,90.86,862.35,8403.0,1.8
1999-11-30,Montgomery,MON,477769.0,90.86,862.35,7693.0,1.6
1999-12-31,Montgomery,MON,478837.0,90.86,862.35,7007.0,1.5
2000-01-31,Montgomery,MON,481549.0,100.0,877.83,12644.0,2.6
2000-02-29,Montgomery,MON,482639.0,100.0,877.83,12572.0,2.6
2000-03-31,Montgomery,MON,486252.0,100.0,877.83,12395.0,2.5
2000-04-30,Montgomery,MON,482992.0,100.0,877.83,10960.0,2.3
2000-05-31,Montgomery,MON,483713.0,100.0,877.83,13473.0,2.8
2000-06-30,Montgomery,MON,490976.0,100.0,877.83,14518.0,3.0
2000-07-31,Montgomery,MON,494345.0,100.0,877.83,14514.0,2.9
2000-08-31,Montgomery,MON,490932.0,100.0,877.83,13782.0,2.8
2000-09-30,Montgomery,MON,486981.0,100.0,877.83,12253.0,2.5
2000-10-31,Montgomery,MON,490187.0,100.0,877.83,12515.0,2.6
2000-11-30,Montgomery,MON,491283.0,100.0,877.83,12832.0,2.6
2000-12-31,Montgomery,MON,492029.0,100.0,877.83,11612.0,2.4
2001-01-31,Montgomery,MON,488484.0,111.68,893.658,13407.0,2.7
2001-02-28,Montgomery,MON,489526.0,111.68,893.658,14333.0,2.9
2001-03-31,Montgomery,MON,492228.0,111.68,893.658,13799.0,2.8
2001-04-30,Montgomery,MON,487927.0,111.68,893.658,12735.0,2.6
2001-05-31,Montgomery,MON,489435.0,111.68,893.658,13579.0,2.8
2001-06-30,Montgomery,MON,495964.0,111.68,893.658,16196.0,3.3
2001-07-31,Montgomery,MON,498664.0,111.68,893.658,16249.0,3.3
2001-08-31,Montgomery,MON,491249.0,111.68,893.658,16592.0,3.4
2001-09-30,Montgomery,MON,491198.0,111.68,893.658,16647.0,3.4
2001-10-31,Montgomery,MON,496054.0,111.68,893.658,18278.0,3.7
2001-11-30,Montgomery,MON,495500.0,111.68,893.658,17787.0,3.6
2001-12-31,Montgomery,MON,496351.0,111.68,893.658,16897.0,3.4
2002-01-31,Montgomery,MON,491655.0,126.55,906.488,18927.0,3.8
2002-02-28,Montgomery,MON,495692.0,126.55,906.488,19669.0,4.0
2002-03-31,Montgomery,MON,497999.0,126.55,906.488,18910.0,3.8
2002-04-30,Montgomery,MON,494673.0,126.55,906.488,17455.0,3.5
2002-05-31,Montgomery,MON,495824.0,126.55,906.488,16959.0,3.4
2002-06-30,Montgomery,MON,501320.0,126.55,906.488,18735.0,3.7
2002-07-31,Montgomery,MON,506540.0,126.55,906.488,18074.0,3.6
2002-08-31,Montgomery,MON,501956.0,126.55,906.488,17327.0,3.5
2002-09-30,Montgomery,MON,497923.0,126.55,906.488,15446.0,3.1
2002-10-31,Montgomery,MON,498413.0,126.55,906.488,15855.0,3.2
2002-11-30,Montgomery,MON,496436.0,126.55,906.488,16126.0,3.2
2002-12-31,Montgomery,MON,496008.0,126.55,906.488,15168.0,3.1
2003-01-31,Montgomery,MON,495717.0,137.39,915.237,17118.0,3.5
2003-02-28,Montgomery,MON,493987.0,137.39,915.237,18169.0,3.7
2003-03-31,Montgomery,MON,496284.0,137.39,915.237,16997.0,3.4
2003-04-30,Montgomery,MON,495842.0,137.39,915.237,15775.0,3.2
2003-05-31,Montgomery,MON,496302.0,137.39,915.237,16815.0,3.4
2003-06-30,Montgomery,MON,505504.0,137.39,915.237,19092.0,3.8
2003-07-31,Montgomery,MON,509060.0,137.39,915.237,17922.0,3.5
2003-08-31,Montgomery,MON,500573.0,137.39,915.237,16058.0,3.2
2003-09-30,Montgomery,MON,494015.0,137.39,915.237,15183.0,3.1
2003-10-31,Montgomery,MON,497308.0,137.39,915.237,15551.0,3.1
2003-11-30,Montgomery,MON,497537.0,137.39,915.237,15652.0,3.1
2003-12-31,Montgomery,MON,496194.0,137.39,915.237,14259.0,2.9
2004-01-31,Montgomery,MON,494399.0,160.47,921.069,16939.0,3.4
2004-02-29,Montgomery,MON,492935.0,160.47,921.069,16486.0,3.3
2004-03-31,Montgomery,MON,495475.0,160.47,921.069,16484.0,3.3
2004-04-30,Montgomery,MON,492572.0,160.47,921.069,14675.0,3.0
2004-05-31,Montgomery,MON,494342.0,160.47,921.069,15549.0,3.1
2004-06-30,Montgomery,MON,500052.0,160.47,921.069,18042.0,3.6
2004-07-31,Montgomery,MON,507961.0,160.47,921.069,17990.0,3.5
2004-08-31,Montgomery,MON,500435.0,160.47,921.069,15840.0,3.2
2004-09-30,Montgomery,MON,495774.0,160.47,921.069,14535.0,2.9
2004-10-31,Montgomery,MON,501130.0,160.47,921.069,15502.0,3.1
2004-11-30,Montgomery,MON,501848.0,160.47,921.069,15974.0,3.2
2004-12-31,Montgomery,MON,500537.0,160.47,921.069,14720.0,2.9
2005-01-31,Montgomery,MON,499523.0,198.25,928.903,17255.0,3.5
2005-02-28,Montgomery,MON,499570.0,198.25,928.903,18035.0,3.6
2005-03-31,Montgomery,MON,502543.0,198.25,928.903,17291.0,3.4
2005-04-30,Montgomery,MON,502291.0,198.25,928.903,15423.0,3.1
2005-05-31,Montgomery,MON,505268.0,198.25,928.903,16005.0,3.2
2005-06-30,Montgomery,MON,512643.0,198.25,928.903,17713.0,3.5
2005-07-31,Montgomery,MON,517645.0,198.25,928.903,17413.0,3.4
2005-08-31,Montgomery,MON,511646.0,198.25,928.903,15682.0,3.1
2005-09-30,Montgomery,MON,506063.0,198.25,928.903,14248.0,2.8
2005-10-31,Montgomery,MON,510805.0,198.25,928.903,14469.0,2.8
2005-11-30,Montgomery,MON,510296.0,198.25,928.903,15005.0,2.9
2005-12-31,Montgomery,MON,510992.0,198.25,928.903,12871.0,2.5
2006-01-31,Montgomery,MON,509937.0,218.34,935.013,14616.0,2.9
2006-02-28,Montgomery,MON,510606.0,218.34,935.013,14622.0,2.9
2006-03-31,Montgomery,MON,514119.0,218.34,935.013,13873.0,2.7
2006-04-30,Montgomery,MON,512151.0,218.34,935.013,13465.0,2.6
2006-05-31,Montgomery,MON,513712.0,218.34,935.013,14729.0,2.9
2006-06-30,Montgomery,MON,522027.0,218.34,935.013,17368.0,3.3
2006-07-31,Montgomery,MON,527477.0,218.34,935.013,17817.0,3.4
2006-08-31,Montgomery,MON,520376.0,218.34,935.013,15460.0,3.0
2006-09-30,Montgomery,MON,516361.0,218.34,935.013,14155.0,2.7
2006-10-31,Montgomery,MON,519466.0,218.34,935.013,14027.0,2.7
2006-11-30,Montgomery,MON,519443.0,218.34,935.013,14164.0,2.7
2006-12-31,Montgomery,MON,519167.0,218.34,935.013,12895.0,2.5
2007-01-31,Montgomery,MON,515421.0,214.89,941.491,15561.0,3.0
2007-02-28,Montgomery,MON,512109.0,214.89,941.491,14663.0,2.9
2007-03-31,Montgomery,MON,514824.0,214.89,941.491,13207.0,2.6
2007-04-30,Montgomery,MON,511249.0,214.89,941.491,12028.0,2.4
2007-05-31,Montgomery,MON,512703.0,214.89,941.491,13048.0,2.5
2007-06-30,Montgomery,MON,521276.0,214.89,941.491,15702.0,3.0
2007-07-31,Montgomery,MON,527364.0,214.89,941.491,15007.0,2.8
2007-08-31,Montgomery,MON,518009.0,214.89,941.491,13249.0,2.6
2007-09-30,Montgomery,MON,516240.0,214.89,941.491,13125.0,2.5
2007-10-31,Montgomery,MON,519235.0,214.89,941.491,13296.0,2.6
2007-11-30,Montgomery,MON,519350.0,214.89,941.491,11884.0,2.3
2007-12-31,Montgomery,MON,517003.0,214.89,941.491,11441.0,2.2
2008-01-31,Montgomery,MON,519376.0,197.41,953.478,13368.0,2.6
2008-02-29,Montgomery,MON,516842.0,197.41,953.478,13278.0,2.6
2008-03-31,Montgomery,MON,520020.0,197.41,953.478,13265.0,2.6
2008-04-30,Montgomery,MON,521801.0,197.41,953.478,12375.0,2.4
2008-05-31,Montgomery,MON,524191.0,197.41,953.478,15372.0,2.9
2008-06-30,Montgomery,MON,529816.0,197.41,953.478,18098.0,3.4
2008-07-31,Montgomery,MON,538132.0,197.41,953.478,18940.0,3.5
2008-08-31,Montgomery,MON,529497.0,197.41,953.478,18450.0,3.5
2008-09-30,Montgomery,MON,525517.0,197.41,953.478,18511.0,3.5
2008-10-31,Montgomery,MON,528607.0,197.41,953.478,20254.0,3.8
2008-11-30,Montgomery,MON,526048.0,197.41,953.478,19968.0,3.8
2008-12-31,Montgomery,MON,524018.0,197.41,953.478,20533.0,3.9
2009-01-31,Montgomery,MON,525262.0,180.68,970.647,24354.0,4.6
2009-02-28,Montgomery,MON,525468.0,180.68,970.647,27106.0,5.2
2009-03-31,Montgomery,MON,527437.0,180.68,970.647,26522.0,5.0
2009-04-30,Montgomery,MON,526508.0,180.68,970.647,25469.0,4.8
2009-05-31,Montgomery,MON,527278.0,180.68,970.647,27952.0,5.3
2009-06-30,Montgomery,MON,534946.0,180.68,970.647,31483.0,5.9
2009-07-31,Montgomery,MON,540671.0,180.68,970.647,30620.0,5.7
2009-08-31,Montgomery,MON,532170.0,180.68,970.647,29519.0,5.5
2009-09-30,Montgomery,MON,526919.0,180.68,970.647,30486.0,5.8
2009-10-31,Montgomery,MON,528868.0,180.68,970.647,31597.0,6.0
2009-11-30,Montgomery,MON,529103.0,180.68,970.647,30105.0,5.7
2009-12-31,Montgomery,MON,526058.0,180.68,970.647,29703.0,5.6
2010-01-31,Montgomery,MON,530687.0,178.33,975.619,33116.0,6.2
2010-02-28,Montgomery,MON,528845.0,178.33,975.619,31697.0,6.0
2010-03-31,Montgomery,MON,532355.0,178.33,975.619,31640.0,5.9
2010-04-30,Montgomery,MON,534336.0,178.33,975.619,29567.0,5.5
2010-05-31,Montgomery,MON,533448.0,178.33,975.619,29946.0,5.6
2010-06-30,Montgomery,MON,537530.0,178.33,975.619,31665.0,5.9
2010-07-31,Montgomery,MON,544222.0,178.33,975.619,31528.0,5.8
2010-08-31,Montgomery,MON,536485.0,178.33,975.619,30258.0,5.6
2010-09-30,Montgomery,MON,535107.0,178.33,975.619,29834.0,5.6
2010-10-31,Montgomery,MON,535687.0,178.33,975.619,29286.0,5.5
2010-11-30,Montgomery,MON,535733.0,178.33,975.619,29488.0,5.5
2010-12-31,Montgomery,MON,533711.0,178.33,975.619,27730.0,5.2
2011-01-31,Montgomery,MON,535877.0,175.51,991.325,29430.0,5.5
2011-02-28,Montgomery,MON,532872.0,175.51,991.325,28596.0,5.4
2011-03-31,Montgomery,MON,536192.0,175.51,991.325,28242.0,5.3
2011-04-30,Montgomery,MON,534580.0,175.51,991.325,26799.0,5.0
2011-05-31,Montgomery,MON,535994.0,175.51,991.325,28429.0,5.3
2011-06-30,Montgomery,MON,540177.0,175.51,991.325,31360.0,5.8
2011-07-31,Montgomery,MON,544107.0,175.51,991.325,29943.0,5.5
2011-08-31,Montgomery,MON,537011.0,175.51,991.325,29324.0,5.5
2011-09-30,Montgomery,MON,536341.0,175.51,991.325,29313.0,5.5
2011-10-31,Montgomery,MON,540521.0,175.51,991.325,28478.0,5.3
2011-11-30,Montgomery,MON,538341.0,175.51,991.325,26106.0,4.8
2011-12-31,Montgomery,MON,538363.0,175.51,991.325,26080.0,4.8
2012-01-31,Montgomery,MON,537092.0,174.76,1005.31,28370.0,5.3
2012-02-29,Montgomery,MON,536105.0,174.76,1005.31,28712.0,5.4
2012-03-31,Montgomery,MON,538702.0,174.76,1005.31,28077.0,5.2
2012-04-30,Montgomery,MON,535725.0,174.76,1005.31,25984.0,4.9
2012-05-31,Montgomery,MON,539868.0,174.76,1005.31,27506.0,5.1
2012-06-30,Montgomery,MON,546402.0,174.76,1005.31,29929.0,5.5
2012-07-31,Montgomery,MON,550781.0,174.76,1005.31,29573.0,5.4
2012-08-31,Montgomery,MON,544384.0,174.76,1005.31,28574.0,5.2
2012-09-30,Montgomery,MON,541874.0,174.76,1005.31,26680.0,4.9
2012-10-31,Montgomery,MON,547063.0,174.76,1005.31,27101.0,5.0
2012-11-30,Montgomery,MON,544734.0,174.76,1005.31,26068.0,4.8
2012-12-31,Montgomery,MON,546046.0,174.76,1005.31,26359.0,4.8
2013-01-31,Montgomery,MON,546857.0,180.54,1015.534,28870.0,5.3
2013-02-28,Montgomery,MON,542447.0,180.54,1015.534,28146.0,5.2
2013-03-31,Montgomery,MON,542944.0,180.54,1015.534,27517.0,5.1
2013-04-30,Montgomery,MON,543226.0,180.54,1015.534,25742.0,4.7
2013-05-31,Montgomery,MON,547283.0,180.54,1015.534,28151.0,5.1
2013-06-30,Montgomery,MON,552538.0,180.54,1015.534,30964.0,5.6
2013-07-31,Montgomery,MON,555083.0,180.54,1015.534,28654.0,5.2
2013-08-31,Montgomery,MON,548471.0,180.54,1015.534,27073.0,4.9
2013-09-30,Montgomery,MON,545725.0,180.54,1015.534,26309.0,4.8
2013-10-31,Montgomery,MON,543737.0,180.54,1015.534,27143.0,5.0
2013-11-30,Montgomery,MON,543170.0,180.54,1015.534,23839.0,4.4
2013-12-31,Montgomery,MON,542241.0,180.54,1015.534,21942.0,4.0
2014-01-31,Montgomery,MON,545876.0,187.62,1025.063,24120.0,4.4
2014-02-28,Montgomery,MON,543269.0,187.62,1025.063,24702.0,4.5
2014-03-31,Montgomery,MON,546155.0,187.62,1025.063,24876.0,4.6
2014-04-30,Montgomery,MON,541984.0,187.62,1025.063,21471.0,4.0
2014-05-31,Montgomery,MON,546845.0,187.62,1025.063,23890.0,4.4
2014-06-30,Montgomery,MON,553200.0,187.62,1025.063,25977.0,4.7
2014-07-31,Montgomery,MON,555949.0,187.62,1025.063,26238.0,4.7
2014-08-31,Montgomery,MON,550036.0,187.62,1025.063,24949.0,4.5
2014-09-30,Montgomery,MON,545188.0,187.62,1025.063,23098.0,4.2
2014-10-31,Montgomery,MON,549891.0,187.62,1025.063,22798.0,4.1
2014-11-30,Montgomery,MON,548850.0,187.62,1025.063,22180.0,4.0
2014-12-31,Montgomery,MON,547977.0,187.62,1025.063,20412.0,3.7
2015-01-31,Montgomery,MON,552295.0,189.51,1033.37,23289.0,4.2
2015-02-28,Montgomery,MON,548933.0,189.51,1033.37,22078.0,4.0
2015-03-31,Montgomery,MON,551088.0,189.51,1033.37,21718.0,3.9
2015-04-30,Montgomery,MON,550764.0,189.51,1033.37,20104.0,3.7
2015-05-31,Montgomery,MON,553129.0,189.51,1033.37,22590.0,4.1
2015-06-30,Montgomery,MON,556888.0,189.51,1033.37,23605.0,4.2
2015-07-31,Montgomery,MON,558408.0,189.51,1033.37,22379.0,4.0
2015-08-31,Montgomery,MON,550940.0,189.51,1033.37,20801.0,3.8
2015-09-30,Montgomery,MON,548183.0,189.51,1033.37,20864.0,3.8
2015-10-31,Montgomery,MON,552863.0,189.51,1033.37,21208.0,3.8
2015-11-30,Montgomery,MON,551093.0,189.51,1033.37,19668.0,3.6
2015-12-31,Montgomery,MON,548824.0,189.51,1033.37,17254.0,3.1
2016-01-31,Montgomery,MON,565146.0,194.25,1039.327,19097.0,3.4
2016-02-29,Montgomery,MON,566010.0,194.25,1039.327,18815.0,3.3
2016-03-31,Montgomery,MON,568646.0,194.25,1039.327,18512.0,3.3
2016-04-30,Montgomery,MON,565130.0,194.25,1039.327,16443.0,2.9
2016-05-31,Montgomery,MON,565339.0,194.25,1039.327,16864.0,3.0
2016-06-30,Montgomery,MON,573472.0,194.25,1039.327,19926.0,3.5
2016-07-31,Montgomery,MON,577720.0,194.25,1039.327,19550.0,3.4
2016-08-31,Montgomery,MON,573723.0,194.25,1039.327,18071.0,3.1
2016-09-30,Montgomery,MON,571776.0,194.25,1039.327,18169.0,3.2
2016-10-31,Montgomery,MON,575003.0,194.25,1039.327,18824.0,3.3
2016-11-30,Montgomery,MON,573595.0,194.25,1039.327,17118.0,3.0
2016-12-31,Montgomery,MON,572305.0,194.25,1039.327,15665.0,2.7
2017-01-31,Montgomery,MON,576198.0,199.11,1047.239,18972.0,3.3
2017-02-28,Montgomery,MON,578744.0,199.11,1047.239,19139.0,3.3
2017-03-31,Montgomery,MON,582026.0,199.11,1047.239,17669.0,3.0
2017-04-30,Montgomery,MON,577145.0,199.11,1047.239,15341.0,2.7
2017-05-31,Montgomery,MON,578194.0,199.11,1047.239,17407.0,3.0
2017-06-30,Montgomery,MON,588171.0,199.11,1047.239,19588.0,3.3
2017-07-31,Montgomery,MON,590285.0,199.11,1047.239,19633.0,3.3
2017-08-31,Montgomery,MON,585656.0,199.11,1047.239,18205.0,3.1
2017-09-30,Montgomery,MON,586593.0,199.11,1047.239,17620.0,3.0
2017-10-31,Montgomery,MON,585029.0,199.11,1047.239,18730.0,3.2
2017-11-30,Montgomery,MON,584225.0,199.11,1047.239,18469.0,3.2
2017-12-31,Montgomery,MON,579762.0,199.11,1047.239,16186.0,2.8
2018-01-31,Montgomery,MON,577952.0,203.53,1048.794,19595.0,3.4
2018-02-28,Montgomery,MON,583580.0,203.53,1048.794,19444.0,3.3
2018-03-31,Montgomery,MON,586004.0,203.53,1048.794,18679.0,3.2
2018-04-30,Montgomery,MON,581068.0,203.53,1048.794,15542.0,2.7
2018-05-31,Montgomery,MON,582057.0,203.53,1048.794,16401.0,2.8
2018-06-30,Montgomery,MON,590629.0,203.53,1048.794,20080.0,3.4
2018-07-31,Montgomery,MON,594204.0,203.53,1048.794,18560.0,3.1
2018-08-31,Montgomery,MON,586344.0,203.53,1048.794,16389.0,2.8
2018-09-30,Montgomery,MON,584680.0,203.53,1048.794,15968.0,2.7
2018-10-31,Montgomery,MON,589280.0,203.53,1048.794,16292.0,2.8
2018-11-30,Montgomery,MON,588279.0,203.53,1048.794,15285.0,2.6
2018-12-31,Montgomery,MON,588199.0,203.53,1048.794,14830.0,2.5
2019-01-31,Montgomery,MON,588618.0,208.09,1051.129,19318.0,3.3
2019-02-28,Montgomery,MON,590720.0,208.09,1051.129,17980.0,3.0
2019-03-31,Montgomery,MON,592659.0,208.09,1051.129,16989.0,2.9
2019-04-30,Montgomery,MON,589518.0,208.09,1051.129,13636.0,2.3
2019-05-31,Montgomery,MON,591495.0,208.09,1051.129,14792.0,2.5
2019-06-30,Montgomery,MON,601343.0,208.09,1051.129,17882.0,3.0
2019-07-31,Montgomery,MON,607751.0,208.09,1051.129,18043.0,3.0
2019-08-31,Montgomery,MON,600328.0,208.09,1051.129,15879.0,2.6
2019-09-30,Montgomery,MON,599432.0,208.09,1051.129,14389.0,2.4
2019-10-31,Montgomery,MON,601651.0,208.09,1051.129,14892.0,2.5
2019-11-30,Montgomery,MON,600941.0,208.09,1051.129,14054.0,2.3
2019-12-31,Montgomery,MON,598782.0,208.09,1051.129,13217.0,2.2
2020-01-31,Montgomery,MON,597232.0,210.98,1060.856,16058.0,2.7
2020-02-29,Montgomery,MON,600072.0,210.98,1060.856,16418.0,2.7
2020-03-31,Montgomery,MON,596638.0,210.98,1060.856,19185.0,3.2
2020-04-30,Montgomery,MON,561741.0,210.98,1060.856,41045.0,7.3
2020-05-31,Montgomery,MON,563392.0,210.98,1060.856,46244.0,8.2
2020-06-30,Montgomery,MON,568436.0,210.98,1060.856,44462.0,7.8
2020-07-31,Montgomery,MON,574968.0,210.98,1060.856,43554.0,7.6
2020-08-31,Montgomery,MON,574964.0,210.98,1060.856,38066.0,6.6
2020-09-30,Montgomery,MON,568058.0,210.98,1060.856,37567.0,6.6
2020-10-31,Montgomery,MON,574051.0,210.98,1060.856,35970.0,6.3
2020-11-30,Montgomery,MON,567229.0,210.98,1060.856,34666.0,6.1
2020-12-31,Montgomery,MON,562284.0,210.98,1060.856,32904.0,5.9
2021-01-31,Montgomery,MON,554568.0,229.28,1056.087,33145.0,6.0
2021-02-28,Montgomery,MON,556390.0,229.28,1056.087,32963.0,5.9
2021-03-31,Montgomery,MON,561160.0,229.28,1056.087,31732.0,5.7
2021-04-30,Montgomery,MON,559583.0,229.28,1056.087,29580.0,5.3
2021-05-31,Montgomery,MON,561002.0,229.28,1056.087,28651.0,5.1
2021-06-30,Montgomery,MON,566800.0,229.28,1056.087,32051.0,5.7
2021-07-31,Montgomery,MON,571270.0,229.28,1056.087,29914.0,5.2
2021-08-31,Montgomery,MON,565917.0,229.28,1056.087,28044.0,5.0
2021-09-30,Montgomery,MON,556659.0,229.28,1056.087,22164.0,4.0
2021-10-31,Montgomery,MON,559687.0,229.28,1056.087,20606.0,3.7
2021-11-30,Montgomery,MON,559775.0,229.28,1056.087,18985.0,3.4
2021-12-31,Montgomery,MON,556123.0,229.28,1056.087,14941.0,2.7
2022-01-31,Montgomery,MON,553038.0,252.84,1061.132,17100.0,3.1
2022-02-28,Montgomery,MON,556281.0,252.84,1061.132,17161.0,3.1
2022-03-31,Montgomery,MON,559216.0,252.84,1061.132,15925.0,2.8
2022-04-30,Montgomery,MON,557745.0,252.84,1061.132,12727.0,2.3
2022-05-31,Montgomery,MON,559907.0,252.84,1061.132,13734.0,2.5
2022-06-30,Montgomery,MON,564950.0,252.84,1061.132,17318.0,3.1
2022-07-31,Montgomery,MON,567482.0,252.84,1061.132,15845.0,2.8
2022-08-31,Montgomery,MON,562906.0,252.84,1061.132,15491.0,2.8
2022-09-30,Montgomery,MON,557701.0,252.84,1061.132,13013.0,2.3
2022-10-31,Montgomery,MON,561610.0,252.84,1061.132,13558.0,2.4
2022-11-30,Montgomery,MON,557184.0,252.84,1061.132,11565.0,2.1
2022-12-31,Montgomery,MON,555595.0,252.84,1061.132,9816.0,1.8
2023-01-31,Montgomery,MON,557500.0,267.11,1069.397,11275.0,2.0
2023-02-28,Montgomery,MON,558998.0,267.11,1069.397,11758.0,2.1
2023-03-31,Montgomery,MON,561839.0,267.11,1069.397,9782.0,1.7
2023-04-30,Montgomery,MON,563126.0,267.11,1069.397,7185.0,1.3
2023-05-31,Montgomery,MON,561944.0,267.11,1069.397,8363.0,1.5
2023-06-30,Montgomery,MON,566881.0,267.11,1069.397,9938.0,1.8
2023-07-31,Montgomery,MON,572675.0,267.11,1069.397,10929.0,1.9
2023-08-31,Montgomery,MON,566595.0,267.11,1069.397,11494.0,2.0
2023-09-30,Montgomery,MON,561307.0,267.11,1069.397,11195.0,2.0
2023-10-31,Montgomery,MON,564134.0,267.11,1069.397,12196.0,2.2
2023-11-30,Montgomery,MON,563292.0,267.11,1069.397,10887.0,1.9
2023-12-31,Montgomery,MON,560344.0,267.11,1069.397,11510.0,2.1
2024-01-31,Montgomery,MON,564211.0,282.0,1082.273,13750.0,2.4
2024-02-29,Montgomery,MON,566025.0,,,15253.0,2.7
2024-03-31,Montgomery,MON,570967.0,,,14735.0,2.6
2024-04-30,Montgomery,MON,569416.0,,,12229.0,2.1
2024-05-31,Montgomery,MON,565833.0,,,13111.0,2.3
2024-06-30,Montgomery,MON,574490.0,,,17411.0,3.0
2024-07-31,Montgomery,MON,581704.0,,,18104.0,3.1
2024-08-31,Montgomery,MON,575220.0,,,17348.0,3.0
2024-09-30,Montgomery,MON,570296.0,,,15074.0,2.6
2024-10-31,Montgomery,MON,571894.0,,,16108.0,2.8
2024-11-30,Montgomery,MON,567804.0,,,15667.0,2.8
2024-12-31,Montgomery,MON,564723.0,,,13432.0,2.4
2025-01-31,Montgomery,MON,564469.0,,,14278.0,2.5
2025-02-28,Montgomery,MON,560926.0,,,17130.0,3.1
2025-03-31,Montgomery,MON,563653.0,,,17213.0,3.1
2025-04-30,Montgomery,MON,566747.0,,,16157.0,2.9
2025-05-31,Montgomery,MON,562030.0,,,17889.0,3.2
2025-06-30,Montgomery,MON,568118.0,,,20335.0,3.6
2025-07-31,Montgomery,MON,574998.0,,,20637.0,3.6
2025-08-31,Montgomery,MON,566157.0,,,22622.0,4.0
